item,vtype,rank,benchmark
C1,inject,1,arxiv:2604.14656
C1,inject,2,arxiv:2503.22678
C1,inject,3,arxiv:2603.24649
C1,inject,4,arxiv:2607.25485
C1,inject,5,arxiv:2607.08257
C1,inject,6,arxiv:2606.03203
C1,inject,7,arxiv:2605.02943
C1,inject,8,arxiv:2605.02240
C1,inject,9,arxiv:2606.23301
C1,inject,10,arxiv:2601.08988
C1,inject,11,arxiv:2601.19773
C1,inject,12,arxiv:2512.23440
C1,inject,13,arxiv:2609.38480
C1,inject,14,arxiv:2605.11224
C1,inject,15,arxiv:2511.20490
C1,inject,16,arxiv:2510.24654
C1,inject,17,arxiv:2501.14654
C1,inject,18,arxiv:2604.26577
C1,inject,19,arxiv:2512.10206
C1,inject,20,arxiv:2606.11702
C1,inject,21,arxiv:2601.22964
C1,inject,22,arxiv:2605.09675
C1,inject,23,arxiv:2609.39371
C1,inject,24,arxiv:2412.09529
C1,inject,25,arxiv:2509.19319
C1,inject,26,arxiv:2602.05407
C1,inject,27,arxiv:2605.09679
C1,inject,28,arxiv:2606.28900
C1,inject,29,arxiv:2603.14771
C1,inject,30,arxiv:2608.07796
C1,inject,31,arxiv:2606.05112
C1,inject,32,arxiv:2606.02568
C1,inject,33,arxiv:2510.10278
C1,inject,34,arxiv:2605.21496
C1,inject,35,arxiv:2410.17657
C1,inject,36,arxiv:2601.23049
C1,inject,37,arxiv:2609.33117
C1,inject,38,arxiv:2606.31179
C1,inject,39,pubmed:41727598
C1,inject,40,arxiv:2509.23415
C1,inject,41,arxiv:2608.30188
C1,inject,42,pubmed:41758153
C1,inject,43,arxiv:2405.07960
C1,inject,44,arxiv:2609.30027
C1,inject,45,arxiv:2606.18613
C1,buried,1,arxiv:2606.18613
C1,buried,2,arxiv:2606.03203
C1,buried,3,arxiv:2510.24654
C1,buried,4,arxiv:2606.31179
C1,buried,5,arxiv:2608.07796
C1,buried,6,arxiv:2503.22678
C1,buried,7,arxiv:2608.30188
C1,buried,8,pubmed:41727598
C1,buried,9,arxiv:2605.02240
C1,buried,10,arxiv:2604.14656
C1,buried,11,arxiv:2405.07960
C1,buried,12,arxiv:2607.25485
C1,buried,13,arxiv:2412.09529
C1,buried,14,pubmed:41758153
C1,buried,15,arxiv:2606.28900
C1,buried,16,arxiv:2510.10278
C1,buried,17,arxiv:2602.05407
C1,buried,18,arxiv:2512.10206
C1,buried,19,arxiv:2609.30027
C1,buried,20,arxiv:2601.23049
C1,buried,21,arxiv:2511.20490
C1,buried,22,arxiv:2606.05112
C1,buried,23,arxiv:2609.39371
C1,buried,24,arxiv:2509.23415
C1,buried,25,arxiv:2607.08257
C1,buried,26,arxiv:2603.14771
C1,buried,27,arxiv:2601.22964
C1,buried,28,arxiv:2603.24649
C1,buried,29,arxiv:2609.33117
C1,buried,30,arxiv:2606.11702
C1,buried,31,arxiv:2501.14654
C1,buried,32,arxiv:2604.26577
C1,buried,33,arxiv:2601.19773
C1,buried,34,arxiv:2410.17657
C1,buried,35,arxiv:2605.02943
C1,buried,36,arxiv:2605.21496
C1,buried,37,arxiv:2512.23440
C1,buried,38,arxiv:2606.02568
C1,buried,39,arxiv:2605.11224
C1,buried,40,arxiv:2509.19319
C1,buried,41,arxiv:2605.09679
C1,buried,42,arxiv:2606.23301
C1,buried,43,arxiv:2601.08988
C1,buried,44,arxiv:2609.38480
C1,buried,45,arxiv:2605.09675
C1,paraphrase,1,arxiv:2503.22678
C1,paraphrase,2,pubmed:41727598
C1,paraphrase,3,arxiv:2601.23049
C1,paraphrase,4,arxiv:2606.11702
C1,paraphrase,5,arxiv:2605.09679
C1,paraphrase,6,arxiv:2606.05112
C1,paraphrase,7,arxiv:2609.39371
C1,paraphrase,8,arxiv:2601.19773
C1,paraphrase,9,arxiv:2512.10206
C1,paraphrase,10,arxiv:2509.19319
C1,paraphrase,11,arxiv:2609.38480
C1,paraphrase,12,arxiv:2606.03203
C1,paraphrase,13,arxiv:2605.21496
C1,paraphrase,14,arxiv:2603.24649
C1,paraphrase,15,arxiv:2606.23301
C1,paraphrase,16,arxiv:2608.07796
C1,paraphrase,17,arxiv:2412.09529
C1,paraphrase,18,arxiv:2606.02568
C1,paraphrase,19,arxiv:2603.14771
C1,paraphrase,20,arxiv:2410.17657
C1,paraphrase,21,arxiv:2601.08988
C1,paraphrase,22,arxiv:2405.07960
C1,paraphrase,23,arxiv:2601.22964
C1,paraphrase,24,arxiv:2509.23415
C1,paraphrase,25,arxiv:2604.26577
C1,paraphrase,26,arxiv:2608.30188
C1,paraphrase,27,arxiv:2511.20490
C1,paraphrase,28,arxiv:2510.24654
C1,paraphrase,29,arxiv:2501.14654
C1,paraphrase,30,arxiv:2510.10278
C1,paraphrase,31,arxiv:2512.23440
C1,paraphrase,32,pubmed:41758153
C1,paraphrase,33,arxiv:2607.25485
C1,paraphrase,34,arxiv:2605.11224
C1,paraphrase,35,arxiv:2606.18613
C1,paraphrase,36,arxiv:2605.02240
C1,paraphrase,37,arxiv:2609.30027
C1,paraphrase,38,arxiv:2605.09675
C1,paraphrase,39,arxiv:2606.31179
C1,paraphrase,40,arxiv:2602.05407
C1,paraphrase,41,arxiv:2604.14656
C1,paraphrase,42,arxiv:2609.33117
C1,paraphrase,43,arxiv:2607.08257
C1,paraphrase,44,arxiv:2606.28900
C1,paraphrase,45,arxiv:2605.02943
C1,deletion,1,arxiv:2608.30188
C1,deletion,2,arxiv:2606.02568
C1,deletion,3,arxiv:2503.22678
C1,deletion,4,arxiv:2606.23301
C1,deletion,5,pubmed:41727598
C1,deletion,6,arxiv:2501.14654
C1,deletion,7,arxiv:2604.14656
C1,deletion,8,arxiv:2405.07960
C1,deletion,9,arxiv:2511.20490
C1,deletion,10,arxiv:2509.19319
C1,deletion,11,arxiv:2603.14771
C1,deletion,12,arxiv:2604.26577
C1,deletion,13,arxiv:2410.17657
C1,deletion,14,arxiv:2606.11702
C1,deletion,15,arxiv:2605.09679
C1,deletion,16,pubmed:41758153
C1,deletion,17,arxiv:2606.28900
C1,deletion,18,arxiv:2605.11224
C1,deletion,19,arxiv:2607.25485
C1,deletion,20,arxiv:2509.23415
C1,deletion,21,arxiv:2609.30027
C1,deletion,22,arxiv:2607.08257
C1,deletion,23,arxiv:2609.39371
C1,deletion,24,arxiv:2605.02943
C1,deletion,25,arxiv:2602.05407
C1,deletion,26,arxiv:2412.09529
C1,deletion,27,arxiv:2601.22964
C1,deletion,28,arxiv:2605.21496
C1,deletion,29,arxiv:2606.18613
C1,deletion,30,arxiv:2605.02240
C1,deletion,31,arxiv:2606.03203
C1,deletion,32,arxiv:2609.33117
C1,deletion,33,arxiv:2510.10278
C1,deletion,34,arxiv:2601.08988
C1,deletion,35,arxiv:2606.05112
C1,deletion,36,arxiv:2605.09675
C1,deletion,37,arxiv:2609.38480
C1,deletion,38,arxiv:2512.10206
C1,deletion,39,arxiv:2510.24654
C1,deletion,40,arxiv:2512.23440
C1,deletion,41,arxiv:2606.31179
C1,deletion,42,arxiv:2608.07796
C1,deletion,43,arxiv:2601.19773
C1,deletion,44,arxiv:2601.23049
C1,deletion,45,arxiv:2603.24649
C1,decoy,1,arxiv:2510.24654
C1,decoy,2,arxiv:2606.03203
C1,decoy,3,arxiv:2605.09675
C1,decoy,4,arxiv:2607.25485
C1,decoy,5,arxiv:2606.31179
C1,decoy,6,arxiv:2607.08257
C1,decoy,7,arxiv:2606.05112
C1,decoy,8,pubmed:41758153
C1,decoy,9,arxiv:2606.02568
C1,decoy,10,arxiv:2605.02943
C1,decoy,11,arxiv:2512.23440
C1,decoy,12,arxiv:2509.23415
C1,decoy,13,arxiv:2609.38480
C1,decoy,14,arxiv:2606.28900
C1,decoy,15,arxiv:2603.24649
C1,decoy,16,arxiv:2605.09679
C1,decoy,17,arxiv:2609.39371
C1,decoy,18,arxiv:2512.10206
C1,decoy,19,arxiv:2601.22964
C1,decoy,20,arxiv:2606.11702
C1,decoy,21,arxiv:2410.17657
C1,decoy,22,arxiv:2606.18613
C1,decoy,23,arxiv:2601.23049
C1,decoy,24,arxiv:2609.30027
C1,decoy,25,arxiv:2601.19773
C1,decoy,26,arxiv:2602.05407
C1,decoy,27,arxiv:2509.19319
C1,decoy,28,arxiv:2501.14654
C1,decoy,29,arxiv:2606.23301
C1,decoy,30,pubmed:41727598
C1,decoy,31,arxiv:2605.02240
C1,decoy,32,arxiv:2605.21496
C1,decoy,33,arxiv:2604.26577
C1,decoy,34,arxiv:2609.33117
C1,decoy,35,arxiv:2603.14771
C1,decoy,36,arxiv:2511.20490
C1,decoy,37,arxiv:2510.10278
C1,decoy,38,arxiv:2412.09529
C1,decoy,39,arxiv:2503.22678
C1,decoy,40,arxiv:2405.07960
C1,decoy,41,arxiv:2608.30188
C1,decoy,42,arxiv:2604.14656
C1,decoy,43,arxiv:2608.07796
C1,decoy,44,arxiv:2605.11224
C1,decoy,45,arxiv:2601.08988
C2,inject,1,arxiv:2609.33117
C2,inject,2,arxiv:2410.17657
C2,inject,3,arxiv:2605.21496
C2,inject,4,arxiv:2609.38480
C2,inject,5,arxiv:2512.10206
C2,inject,6,arxiv:2606.03203
C2,inject,7,arxiv:2606.05112
C2,inject,8,arxiv:2606.28900
C2,inject,9,arxiv:2606.11702
C2,inject,10,arxiv:2609.30027
C2,inject,11,arxiv:2604.14656
C2,inject,12,arxiv:2503.22678
C2,inject,13,arxiv:2603.24649
C2,inject,14,arxiv:2510.24654
C2,inject,15,arxiv:2511.20490
C2,inject,16,arxiv:2606.31179
C2,inject,17,arxiv:2603.14771
C2,inject,18,arxiv:2602.05407
C2,inject,19,arxiv:2605.02240
C2,inject,20,arxiv:2509.23415
C2,inject,21,arxiv:2606.18613
C2,inject,22,arxiv:2604.26577
C2,inject,23,arxiv:2601.08988
C2,inject,24,arxiv:2606.23301
C2,inject,25,arxiv:2605.09679
C2,inject,26,arxiv:2607.08257
C2,inject,27,arxiv:2501.14654
C2,inject,28,arxiv:2512.23440
C2,inject,29,arxiv:2405.07960
C2,inject,30,arxiv:2606.02568
C2,inject,31,arxiv:2608.07796
C2,inject,32,arxiv:2605.02943
C2,inject,33,arxiv:2509.19319
C2,inject,34,arxiv:2607.25485
C2,inject,35,pubmed:41758153
C2,inject,36,arxiv:2601.23049
C2,inject,37,arxiv:2412.09529
C2,inject,38,arxiv:2601.22964
C2,inject,39,arxiv:2510.10278
C2,inject,40,arxiv:2601.19773
C2,inject,41,arxiv:2609.39371
C2,inject,42,arxiv:2608.30188
C2,inject,43,arxiv:2605.09675
C2,inject,44,arxiv:2605.11224
C2,inject,45,pubmed:41727598
C2,buried,1,arxiv:2606.11702
C2,buried,2,arxiv:2609.33117
C2,buried,3,arxiv:2604.26577
C2,buried,4,arxiv:2609.38480
C2,buried,5,arxiv:2609.30027
C2,buried,6,arxiv:2601.22964
C2,buried,7,arxiv:2606.23301
C2,buried,8,arxiv:2509.19319
C2,buried,9,arxiv:2410.17657
C2,buried,10,arxiv:2608.30188
C2,buried,11,arxiv:2601.19773
C2,buried,12,arxiv:2606.02568
C2,buried,13,arxiv:2606.28900
C2,buried,14,arxiv:2601.08988
C2,buried,15,arxiv:2601.23049
C2,buried,16,arxiv:2603.14771
C2,buried,17,arxiv:2609.39371
C2,buried,18,arxiv:2510.24654
C2,buried,19,arxiv:2605.09679
C2,buried,20,arxiv:2606.31179
C2,buried,21,arxiv:2412.09529
C2,buried,22,arxiv:2608.07796
C2,buried,23,arxiv:2605.02943
C2,buried,24,arxiv:2606.03203
C2,buried,25,arxiv:2605.02240
C2,buried,26,arxiv:2605.21496
C2,buried,27,arxiv:2603.24649
C2,buried,28,pubmed:41727598
C2,buried,29,arxiv:2510.10278
C2,buried,30,arxiv:2501.14654
C2,buried,31,arxiv:2606.18613
C2,buried,32,arxiv:2512.23440
C2,buried,33,arxiv:2607.25485
C2,buried,34,arxiv:2512.10206
C2,buried,35,arxiv:2604.14656
C2,buried,36,arxiv:2405.07960
C2,buried,37,arxiv:2605.11224
C2,buried,38,arxiv:2606.05112
C2,buried,39,arxiv:2605.09675
C2,buried,40,arxiv:2607.08257
C2,buried,41,arxiv:2602.05407
C2,buried,42,arxiv:2509.23415
C2,buried,43,arxiv:2503.22678
C2,buried,44,arxiv:2511.20490
C2,buried,45,pubmed:41758153
C2,paraphrase,1,arxiv:2601.19773
C2,paraphrase,2,arxiv:2604.26577
C2,paraphrase,3,arxiv:2604.14656
C2,paraphrase,4,arxiv:2501.14654
C2,paraphrase,5,arxiv:2405.07960
C2,paraphrase,6,arxiv:2509.23415
C2,paraphrase,7,arxiv:2503.22678
C2,paraphrase,8,arxiv:2601.22964
C2,paraphrase,9,arxiv:2606.31179
C2,paraphrase,10,arxiv:2605.02240
C2,paraphrase,11,arxiv:2605.21496
C2,paraphrase,12,arxiv:2608.07796
C2,paraphrase,13,arxiv:2603.14771
C2,paraphrase,14,arxiv:2510.24654
C2,paraphrase,15,arxiv:2609.38480
C2,paraphrase,16,arxiv:2602.05407
C2,paraphrase,17,arxiv:2510.10278
C2,paraphrase,18,arxiv:2603.24649
C2,paraphrase,19,arxiv:2606.11702
C2,paraphrase,20,pubmed:41727598
C2,paraphrase,21,arxiv:2606.28900
C2,paraphrase,22,arxiv:2606.18613
C2,paraphrase,23,arxiv:2511.20490
C2,paraphrase,24,arxiv:2412.09529
C2,paraphrase,25,pubmed:41758153
C2,paraphrase,26,arxiv:2606.03203
C2,paraphrase,27,arxiv:2606.02568
C2,paraphrase,28,arxiv:2410.17657
C2,paraphrase,29,arxiv:2512.23440
C2,paraphrase,30,arxiv:2605.02943
C2,paraphrase,31,arxiv:2606.23301
C2,paraphrase,32,arxiv:2512.10206
C2,paraphrase,33,arxiv:2609.30027
C2,paraphrase,34,arxiv:2605.09679
C2,paraphrase,35,arxiv:2601.23049
C2,paraphrase,36,arxiv:2609.33117
C2,paraphrase,37,arxiv:2605.09675
C2,paraphrase,38,arxiv:2607.08257
C2,paraphrase,39,arxiv:2606.05112
C2,paraphrase,40,arxiv:2607.25485
C2,paraphrase,41,arxiv:2605.11224
C2,paraphrase,42,arxiv:2509.19319
C2,paraphrase,43,arxiv:2609.39371
C2,paraphrase,44,arxiv:2601.08988
C2,paraphrase,45,arxiv:2608.30188
C2,deletion,1,arxiv:2606.28900
C2,deletion,2,pubmed:41727598
C2,deletion,3,arxiv:2410.17657
C2,deletion,4,arxiv:2608.07796
C2,deletion,5,arxiv:2510.10278
C2,deletion,6,arxiv:2605.21496
C2,deletion,7,pubmed:41758153
C2,deletion,8,arxiv:2606.02568
C2,deletion,9,arxiv:2609.30027
C2,deletion,10,arxiv:2503.22678
C2,deletion,11,arxiv:2601.22964
C2,deletion,12,arxiv:2607.08257
C2,deletion,13,arxiv:2603.24649
C2,deletion,14,arxiv:2511.20490
C2,deletion,15,arxiv:2602.05407
C2,deletion,16,arxiv:2509.23415
C2,deletion,17,arxiv:2512.10206
C2,deletion,18,arxiv:2601.19773
C2,deletion,19,arxiv:2606.31179
C2,deletion,20,arxiv:2606.23301
C2,deletion,21,arxiv:2601.08988
C2,deletion,22,arxiv:2606.03203
C2,deletion,23,arxiv:2510.24654
C2,deletion,24,arxiv:2509.19319
C2,deletion,25,arxiv:2606.11702
C2,deletion,26,arxiv:2609.39371
C2,deletion,27,arxiv:2609.33117
C2,deletion,28,arxiv:2609.38480
C2,deletion,29,arxiv:2405.07960
C2,deletion,30,arxiv:2608.30188
C2,deletion,31,arxiv:2605.09675
C2,deletion,32,arxiv:2606.05112
C2,deletion,33,arxiv:2412.09529
C2,deletion,34,arxiv:2512.23440
C2,deletion,35,arxiv:2604.26577
C2,deletion,36,arxiv:2603.14771
C2,deletion,37,arxiv:2605.02943
C2,deletion,38,arxiv:2501.14654
C2,deletion,39,arxiv:2605.02240
C2,deletion,40,arxiv:2605.11224
C2,deletion,41,arxiv:2601.23049
C2,deletion,42,arxiv:2605.09679
C2,deletion,43,arxiv:2607.25485
C2,deletion,44,arxiv:2606.18613
C2,deletion,45,arxiv:2604.14656
C2,decoy,1,arxiv:2606.05112
C2,decoy,2,arxiv:2606.28900
C2,decoy,3,arxiv:2606.02568
C2,decoy,4,arxiv:2510.24654
C2,decoy,5,arxiv:2601.08988
C2,decoy,6,arxiv:2601.22964
C2,decoy,7,arxiv:2603.14771
C2,decoy,8,arxiv:2608.07796
C2,decoy,9,arxiv:2609.30027
C2,decoy,10,arxiv:2609.38480
C2,decoy,11,arxiv:2605.09675
C2,decoy,12,arxiv:2606.31179
C2,decoy,13,arxiv:2412.09529
C2,decoy,14,arxiv:2509.23415
C2,decoy,15,arxiv:2603.24649
C2,decoy,16,arxiv:2512.10206
C2,decoy,17,arxiv:2509.19319
C2,decoy,18,arxiv:2608.30188
C2,decoy,19,arxiv:2605.11224
C2,decoy,20,arxiv:2512.23440
C2,decoy,21,arxiv:2606.03203
C2,decoy,22,arxiv:2605.02943
C2,decoy,23,arxiv:2604.14656
C2,decoy,24,arxiv:2606.18613
C2,decoy,25,arxiv:2605.02240
C2,decoy,26,arxiv:2511.20490
C2,decoy,27,arxiv:2510.10278
C2,decoy,28,arxiv:2609.39371
C2,decoy,29,arxiv:2605.09679
C2,decoy,30,arxiv:2606.11702
C2,decoy,31,arxiv:2601.23049
C2,decoy,32,arxiv:2503.22678
C2,decoy,33,arxiv:2607.08257
C2,decoy,34,arxiv:2602.05407
C2,decoy,35,arxiv:2606.23301
C2,decoy,36,arxiv:2410.17657
C2,decoy,37,arxiv:2605.21496
C2,decoy,38,arxiv:2609.33117
C2,decoy,39,pubmed:41727598
C2,decoy,40,arxiv:2405.07960
C2,decoy,41,arxiv:2607.25485
C2,decoy,42,arxiv:2601.19773
C2,decoy,43,arxiv:2604.26577
C2,decoy,44,arxiv:2501.14654
C2,decoy,45,pubmed:41758153
C3,inject,1,arxiv:2606.23301
C3,inject,2,arxiv:2605.02240
C3,inject,3,arxiv:2605.09675
C3,inject,4,arxiv:2607.25485
C3,inject,5,arxiv:2501.14654
C3,inject,6,arxiv:2602.05407
C3,inject,7,arxiv:2601.23049
C3,inject,8,arxiv:2606.02568
C3,inject,9,arxiv:2509.23415
C3,inject,10,arxiv:2606.28900
C3,inject,11,arxiv:2601.08988
C3,inject,12,arxiv:2603.24649
C3,inject,13,arxiv:2605.11224
C3,inject,14,arxiv:2609.38480
C3,inject,15,arxiv:2410.17657
C3,inject,16,arxiv:2412.09529
C3,inject,17,arxiv:2512.23440
C3,inject,18,arxiv:2605.21496
C3,inject,19,arxiv:2511.20490
C3,inject,20,arxiv:2512.10206
C3,inject,21,arxiv:2604.26577
C3,inject,22,arxiv:2509.19319
C3,inject,23,arxiv:2603.14771
C3,inject,24,arxiv:2608.30188
C3,inject,25,arxiv:2405.07960
C3,inject,26,arxiv:2605.09679
C3,inject,27,pubmed:41727598
C3,inject,28,arxiv:2606.18613
C3,inject,29,arxiv:2606.05112
C3,inject,30,arxiv:2601.22964
C3,inject,31,arxiv:2609.30027
C3,inject,32,arxiv:2609.39371
C3,inject,33,arxiv:2606.11702
C3,inject,34,arxiv:2605.02943
C3,inject,35,arxiv:2601.19773
C3,inject,36,arxiv:2606.03203
C3,inject,37,pubmed:41758153
C3,inject,38,arxiv:2606.31179
C3,inject,39,arxiv:2609.33117
C3,inject,40,arxiv:2510.24654
C3,inject,41,arxiv:2604.14656
C3,inject,42,arxiv:2510.10278
C3,inject,43,arxiv:2608.07796
C3,inject,44,arxiv:2607.08257
C3,inject,45,arxiv:2503.22678
C3,buried,1,arxiv:2602.05407
C3,buried,2,arxiv:2510.24654
C3,buried,3,arxiv:2511.20490
C3,buried,4,arxiv:2605.02943
C3,buried,5,arxiv:2601.23049
C3,buried,6,arxiv:2606.23301
C3,buried,7,arxiv:2412.09529
C3,buried,8,arxiv:2606.11702
C3,buried,9,arxiv:2607.25485
C3,buried,10,arxiv:2608.30188
C3,buried,11,arxiv:2609.38480
C3,buried,12,arxiv:2604.26577
C3,buried,13,pubmed:41758153
C3,buried,14,arxiv:2605.09679
C3,buried,15,arxiv:2609.30027
C3,buried,16,arxiv:2605.02240
C3,buried,17,arxiv:2512.23440
C3,buried,18,arxiv:2509.23415
C3,buried,19,arxiv:2601.22964
C3,buried,20,arxiv:2609.33117
C3,buried,21,arxiv:2605.21496
C3,buried,22,arxiv:2603.24649
C3,buried,23,pubmed:41727598
C3,buried,24,arxiv:2405.07960
C3,buried,25,arxiv:2606.03203
C3,buried,26,arxiv:2606.18613
C3,buried,27,arxiv:2503.22678
C3,buried,28,arxiv:2605.11224
C3,buried,29,arxiv:2606.31179
C3,buried,30,arxiv:2607.08257
C3,buried,31,arxiv:2606.05112
C3,buried,32,arxiv:2501.14654
C3,buried,33,arxiv:2609.39371
C3,buried,34,arxiv:2603.14771
C3,buried,35,arxiv:2605.09675
C3,buried,36,arxiv:2606.02568
C3,buried,37,arxiv:2601.19773
C3,buried,38,arxiv:2410.17657
C3,buried,39,arxiv:2509.19319
C3,buried,40,arxiv:2604.14656
C3,buried,41,arxiv:2512.10206
C3,buried,42,arxiv:2510.10278
C3,buried,43,arxiv:2601.08988
C3,buried,44,arxiv:2606.28900
C3,buried,45,arxiv:2608.07796
C3,paraphrase,1,arxiv:2405.07960
C3,paraphrase,2,arxiv:2606.23301
C3,paraphrase,3,arxiv:2509.19319
C3,paraphrase,4,arxiv:2605.02240
C3,paraphrase,5,arxiv:2607.08257
C3,paraphrase,6,arxiv:2605.09675
C3,paraphrase,7,arxiv:2609.30027
C3,paraphrase,8,arxiv:2601.08988
C3,paraphrase,9,arxiv:2512.23440
C3,paraphrase,10,pubmed:41758153
C3,paraphrase,11,arxiv:2503.22678
C3,paraphrase,12,arxiv:2601.19773
C3,paraphrase,13,arxiv:2602.05407
C3,paraphrase,14,arxiv:2606.05112
C3,paraphrase,15,arxiv:2606.18613
C3,paraphrase,16,arxiv:2604.26577
C3,paraphrase,17,arxiv:2605.09679
C3,paraphrase,18,arxiv:2609.39371
C3,paraphrase,19,arxiv:2606.03203
C3,paraphrase,20,arxiv:2606.11702
C3,paraphrase,21,arxiv:2605.21496
C3,paraphrase,22,arxiv:2601.23049
C3,paraphrase,23,arxiv:2512.10206
C3,paraphrase,24,arxiv:2510.10278
C3,paraphrase,25,arxiv:2606.28900
C3,paraphrase,26,arxiv:2605.02943
C3,paraphrase,27,arxiv:2606.02568
C3,paraphrase,28,arxiv:2606.31179
C3,paraphrase,29,pubmed:41727598
C3,paraphrase,30,arxiv:2410.17657
C3,paraphrase,31,arxiv:2509.23415
C3,paraphrase,32,arxiv:2607.25485
C3,paraphrase,33,arxiv:2510.24654
C3,paraphrase,34,arxiv:2511.20490
C3,paraphrase,35,arxiv:2604.14656
C3,paraphrase,36,arxiv:2412.09529
C3,paraphrase,37,arxiv:2609.33117
C3,paraphrase,38,arxiv:2608.07796
C3,paraphrase,39,arxiv:2603.14771
C3,paraphrase,40,arxiv:2608.30188
C3,paraphrase,41,arxiv:2603.24649
C3,paraphrase,42,arxiv:2601.22964
C3,paraphrase,43,arxiv:2501.14654
C3,paraphrase,44,arxiv:2605.11224
C3,paraphrase,45,arxiv:2609.38480
C3,deletion,1,arxiv:2601.22964
C3,deletion,2,arxiv:2605.09679
C3,deletion,3,arxiv:2608.07796
C3,deletion,4,arxiv:2605.11224
C3,deletion,5,arxiv:2605.21496
C3,deletion,6,arxiv:2605.09675
C3,deletion,7,arxiv:2602.05407
C3,deletion,8,arxiv:2609.39371
C3,deletion,9,arxiv:2606.28900
C3,deletion,10,arxiv:2512.23440
C3,deletion,11,arxiv:2511.20490
C3,deletion,12,arxiv:2509.23415
C3,deletion,13,arxiv:2606.18613
C3,deletion,14,arxiv:2609.33117
C3,deletion,15,arxiv:2510.24654
C3,deletion,16,arxiv:2503.22678
C3,deletion,17,arxiv:2601.23049
C3,deletion,18,arxiv:2606.05112
C3,deletion,19,arxiv:2606.11702
C3,deletion,20,arxiv:2605.02943
C3,deletion,21,arxiv:2410.17657
C3,deletion,22,arxiv:2607.08257
C3,deletion,23,arxiv:2604.26577
C3,deletion,24,arxiv:2501.14654
C3,deletion,25,arxiv:2608.30188
C3,deletion,26,arxiv:2607.25485
C3,deletion,27,arxiv:2606.02568
C3,deletion,28,arxiv:2601.08988
C3,deletion,29,arxiv:2601.19773
C3,deletion,30,arxiv:2606.31179
C3,deletion,31,arxiv:2603.14771
C3,deletion,32,pubmed:41758153
C3,deletion,33,arxiv:2509.19319
C3,deletion,34,arxiv:2510.10278
C3,deletion,35,arxiv:2609.38480
C3,deletion,36,arxiv:2405.07960
C3,deletion,37,pubmed:41727598
C3,deletion,38,arxiv:2512.10206
C3,deletion,39,arxiv:2603.24649
C3,deletion,40,arxiv:2606.23301
C3,deletion,41,arxiv:2605.02240
C3,deletion,42,arxiv:2412.09529
C3,deletion,43,arxiv:2606.03203
C3,deletion,44,arxiv:2604.14656
C3,deletion,45,arxiv:2609.30027
C3,decoy,1,arxiv:2609.30027
C3,decoy,2,arxiv:2510.10278
C3,decoy,3,arxiv:2601.23049
C3,decoy,4,arxiv:2606.11702
C3,decoy,5,arxiv:2606.23301
C3,decoy,6,arxiv:2512.23440
C3,decoy,7,arxiv:2609.33117
C3,decoy,8,arxiv:2606.02568
C3,decoy,9,arxiv:2608.07796
C3,decoy,10,arxiv:2606.18613
C3,decoy,11,arxiv:2501.14654
C3,decoy,12,arxiv:2608.30188
C3,decoy,13,arxiv:2509.23415
C3,decoy,14,pubmed:41758153
C3,decoy,15,arxiv:2609.39371
C3,decoy,16,arxiv:2603.14771
C3,decoy,17,arxiv:2606.28900
C3,decoy,18,arxiv:2605.09675
C3,decoy,19,arxiv:2605.02943
C3,decoy,20,arxiv:2410.17657
C3,decoy,21,arxiv:2605.21496
C3,decoy,22,arxiv:2605.09679
C3,decoy,23,arxiv:2405.07960
C3,decoy,24,arxiv:2604.14656
C3,decoy,25,arxiv:2510.24654
C3,decoy,26,arxiv:2512.10206
C3,decoy,27,arxiv:2604.26577
C3,decoy,28,arxiv:2503.22678
C3,decoy,29,arxiv:2412.09529
C3,decoy,30,arxiv:2605.02240
C3,decoy,31,arxiv:2601.22964
C3,decoy,32,arxiv:2509.19319
C3,decoy,33,arxiv:2605.11224
C3,decoy,34,arxiv:2606.31179
C3,decoy,35,arxiv:2601.08988
C3,decoy,36,arxiv:2603.24649
C3,decoy,37,pubmed:41727598
C3,decoy,38,arxiv:2607.25485
C3,decoy,39,arxiv:2511.20490
C3,decoy,40,arxiv:2606.05112
C3,decoy,41,arxiv:2609.38480
C3,decoy,42,arxiv:2606.03203
C3,decoy,43,arxiv:2607.08257
C3,decoy,44,arxiv:2602.05407
C3,decoy,45,arxiv:2601.19773
C4,inject,1,arxiv:2605.09679
C4,inject,2,arxiv:2606.02568
C4,inject,3,arxiv:2603.14771
C4,inject,4,arxiv:2609.30027
C4,inject,5,arxiv:2605.09675
C4,inject,6,arxiv:2609.38480
C4,inject,7,arxiv:2606.23301
C4,inject,8,arxiv:2606.03203
C4,inject,9,arxiv:2601.23049
C4,inject,10,pubmed:41758153
C4,inject,11,arxiv:2510.10278
C4,inject,12,arxiv:2609.39371
C4,inject,13,arxiv:2405.07960
C4,inject,14,arxiv:2512.23440
C4,inject,15,arxiv:2603.24649
C4,inject,16,arxiv:2604.26577
C4,inject,17,arxiv:2501.14654
C4,inject,18,arxiv:2608.30188
C4,inject,19,arxiv:2602.05407
C4,inject,20,arxiv:2606.11702
C4,inject,21,arxiv:2512.10206
C4,inject,22,arxiv:2503.22678
C4,inject,23,arxiv:2601.08988
C4,inject,24,arxiv:2511.20490
C4,inject,25,arxiv:2604.14656
C4,inject,26,arxiv:2412.09529
C4,inject,27,arxiv:2510.24654
C4,inject,28,arxiv:2509.19319
C4,inject,29,arxiv:2605.21496
C4,inject,30,arxiv:2607.25485
C4,inject,31,pubmed:41727598
C4,inject,32,arxiv:2606.05112
C4,inject,33,arxiv:2608.07796
C4,inject,34,arxiv:2605.02943
C4,inject,35,arxiv:2606.18613
C4,inject,36,arxiv:2606.28900
C4,inject,37,arxiv:2605.11224
C4,inject,38,arxiv:2609.33117
C4,inject,39,arxiv:2410.17657
C4,inject,40,arxiv:2601.19773
C4,inject,41,arxiv:2605.02240
C4,inject,42,arxiv:2606.31179
C4,inject,43,arxiv:2601.22964
C4,inject,44,arxiv:2509.23415
C4,inject,45,arxiv:2607.08257
C4,buried,1,arxiv:2609.39371
C4,buried,2,arxiv:2605.11224
C4,buried,3,arxiv:2509.23415
C4,buried,4,arxiv:2603.24649
C4,buried,5,arxiv:2606.11702
C4,buried,6,arxiv:2601.23049
C4,buried,7,arxiv:2608.30188
C4,buried,8,arxiv:2605.02943
C4,buried,9,arxiv:2509.19319
C4,buried,10,arxiv:2607.25485
C4,buried,11,arxiv:2412.09529
C4,buried,12,arxiv:2603.14771
C4,buried,13,arxiv:2606.23301
C4,buried,14,arxiv:2602.05407
C4,buried,15,arxiv:2601.08988
C4,buried,16,arxiv:2606.31179
C4,buried,17,arxiv:2605.09675
C4,buried,18,arxiv:2410.17657
C4,buried,19,arxiv:2512.10206
C4,buried,20,arxiv:2605.21496
C4,buried,21,arxiv:2512.23440
C4,buried,22,pubmed:41758153
C4,buried,23,arxiv:2606.02568
C4,buried,24,arxiv:2606.05112
C4,buried,25,arxiv:2601.22964
C4,buried,26,arxiv:2604.14656
C4,buried,27,arxiv:2511.20490
C4,buried,28,arxiv:2510.10278
C4,buried,29,arxiv:2605.02240
C4,buried,30,arxiv:2606.18613
C4,buried,31,arxiv:2609.30027
C4,buried,32,arxiv:2608.07796
C4,buried,33,arxiv:2604.26577
C4,buried,34,pubmed:41727598
C4,buried,35,arxiv:2510.24654
C4,buried,36,arxiv:2609.38480
C4,buried,37,arxiv:2405.07960
C4,buried,38,arxiv:2605.09679
C4,buried,39,arxiv:2607.08257
C4,buried,40,arxiv:2601.19773
C4,buried,41,arxiv:2609.33117
C4,buried,42,arxiv:2503.22678
C4,buried,43,arxiv:2606.28900
C4,buried,44,arxiv:2501.14654
C4,buried,45,arxiv:2606.03203
C4,paraphrase,1,arxiv:2512.10206
C4,paraphrase,2,arxiv:2606.23301
C4,paraphrase,3,arxiv:2608.07796
C4,paraphrase,4,arxiv:2604.26577
C4,paraphrase,5,arxiv:2605.02943
C4,paraphrase,6,arxiv:2609.38480
C4,paraphrase,7,arxiv:2601.23049
C4,paraphrase,8,arxiv:2405.07960
C4,paraphrase,9,arxiv:2603.24649
C4,paraphrase,10,arxiv:2501.14654
C4,paraphrase,11,arxiv:2503.22678
C4,paraphrase,12,arxiv:2604.14656
C4,paraphrase,13,arxiv:2609.30027
C4,paraphrase,14,arxiv:2605.21496
C4,paraphrase,15,arxiv:2510.24654
C4,paraphrase,16,pubmed:41727598
C4,paraphrase,17,arxiv:2601.19773
C4,paraphrase,18,arxiv:2605.09679
C4,paraphrase,19,arxiv:2512.23440
C4,paraphrase,20,arxiv:2605.11224
C4,paraphrase,21,arxiv:2606.02568
C4,paraphrase,22,arxiv:2510.10278
C4,paraphrase,23,arxiv:2608.30188
C4,paraphrase,24,arxiv:2602.05407
C4,paraphrase,25,arxiv:2606.03203
C4,paraphrase,26,arxiv:2609.39371
C4,paraphrase,27,arxiv:2601.22964
C4,paraphrase,28,arxiv:2410.17657
C4,paraphrase,29,arxiv:2606.11702
C4,paraphrase,30,arxiv:2511.20490
C4,paraphrase,31,arxiv:2606.05112
C4,paraphrase,32,pubmed:41758153
C4,paraphrase,33,arxiv:2606.31179
C4,paraphrase,34,arxiv:2607.08257
C4,paraphrase,35,arxiv:2609.33117
C4,paraphrase,36,arxiv:2509.19319
C4,paraphrase,37,arxiv:2605.02240
C4,paraphrase,38,arxiv:2606.28900
C4,paraphrase,39,arxiv:2509.23415
C4,paraphrase,40,arxiv:2605.09675
C4,paraphrase,41,arxiv:2606.18613
C4,paraphrase,42,arxiv:2607.25485
C4,paraphrase,43,arxiv:2601.08988
C4,paraphrase,44,arxiv:2412.09529
C4,paraphrase,45,arxiv:2603.14771
C4,deletion,1,arxiv:2605.02943
C4,deletion,2,arxiv:2609.33117
C4,deletion,3,arxiv:2606.11702
C4,deletion,4,arxiv:2605.09675
C4,deletion,5,arxiv:2605.09679
C4,deletion,6,arxiv:2512.23440
C4,deletion,7,arxiv:2412.09529
C4,deletion,8,arxiv:2405.07960
C4,deletion,9,arxiv:2601.19773
C4,deletion,10,arxiv:2509.19319
C4,deletion,11,arxiv:2606.03203
C4,deletion,12,pubmed:41727598
C4,deletion,13,arxiv:2510.24654
C4,deletion,14,arxiv:2609.39371
C4,deletion,15,arxiv:2606.18613
C4,deletion,16,arxiv:2607.25485
C4,deletion,17,arxiv:2510.10278
C4,deletion,18,arxiv:2608.30188
C4,deletion,19,pubmed:41758153
C4,deletion,20,arxiv:2606.28900
C4,deletion,21,arxiv:2512.10206
C4,deletion,22,arxiv:2609.30027
C4,deletion,23,arxiv:2501.14654
C4,deletion,24,arxiv:2606.23301
C4,deletion,25,arxiv:2609.38480
C4,deletion,26,arxiv:2603.24649
C4,deletion,27,arxiv:2503.22678
C4,deletion,28,arxiv:2608.07796
C4,deletion,29,arxiv:2509.23415
C4,deletion,30,arxiv:2604.26577
C4,deletion,31,arxiv:2604.14656
C4,deletion,32,arxiv:2606.05112
C4,deletion,33,arxiv:2606.02568
C4,deletion,34,arxiv:2606.31179
C4,deletion,35,arxiv:2601.08988
C4,deletion,36,arxiv:2410.17657
C4,deletion,37,arxiv:2603.14771
C4,deletion,38,arxiv:2605.11224
C4,deletion,39,arxiv:2607.08257
C4,deletion,40,arxiv:2601.22964
C4,deletion,41,arxiv:2605.02240
C4,deletion,42,arxiv:2602.05407
C4,deletion,43,arxiv:2511.20490
C4,deletion,44,arxiv:2605.21496
C4,deletion,45,arxiv:2601.23049
C4,decoy,1,arxiv:2602.05407
C4,decoy,2,pubmed:41758153
C4,decoy,3,arxiv:2603.24649
C4,decoy,4,arxiv:2605.02240
C4,decoy,5,arxiv:2510.10278
C4,decoy,6,arxiv:2606.11702
C4,decoy,7,arxiv:2511.20490
C4,decoy,8,arxiv:2606.02568
C4,decoy,9,arxiv:2607.08257
C4,decoy,10,arxiv:2607.25485
C4,decoy,11,arxiv:2510.24654
C4,decoy,12,arxiv:2412.09529
C4,decoy,13,arxiv:2605.09679
C4,decoy,14,arxiv:2605.21496
C4,decoy,15,arxiv:2601.08988
C4,decoy,16,arxiv:2512.23440
C4,decoy,17,arxiv:2606.05112
C4,decoy,18,arxiv:2609.33117
C4,decoy,19,arxiv:2608.07796
C4,decoy,20,arxiv:2606.23301
C4,decoy,21,arxiv:2601.22964
C4,decoy,22,arxiv:2509.19319
C4,decoy,23,arxiv:2509.23415
C4,decoy,24,arxiv:2410.17657
C4,decoy,25,arxiv:2604.14656
C4,decoy,26,arxiv:2512.10206
C4,decoy,27,arxiv:2605.02943
C4,decoy,28,arxiv:2501.14654
C4,decoy,29,arxiv:2606.18613
C4,decoy,30,arxiv:2606.31179
C4,decoy,31,arxiv:2405.07960
C4,decoy,32,pubmed:41727598
C4,decoy,33,arxiv:2609.38480
C4,decoy,34,arxiv:2605.09675
C4,decoy,35,arxiv:2603.14771
C4,decoy,36,arxiv:2606.03203
C4,decoy,37,arxiv:2609.30027
C4,decoy,38,arxiv:2503.22678
C4,decoy,39,arxiv:2601.19773
C4,decoy,40,arxiv:2601.23049
C4,decoy,41,arxiv:2604.26577
C4,decoy,42,arxiv:2605.11224
C4,decoy,43,arxiv:2606.28900
C4,decoy,44,arxiv:2608.30188
C4,decoy,45,arxiv:2609.39371
C5,inject,1,arxiv:2609.30027
C5,inject,2,arxiv:2405.07960
C5,inject,3,arxiv:2602.05407
C5,inject,4,arxiv:2604.14656
C5,inject,5,arxiv:2606.05112
C5,inject,6,arxiv:2607.25485
C5,inject,7,pubmed:41758153
C5,inject,8,arxiv:2511.20490
C5,inject,9,arxiv:2601.23049
C5,inject,10,arxiv:2604.26577
C5,inject,11,arxiv:2512.23440
C5,inject,12,arxiv:2609.38480
C5,inject,13,arxiv:2606.23301
C5,inject,14,arxiv:2605.09675
C5,inject,15,arxiv:2609.39371
C5,inject,16,arxiv:2606.18613
C5,inject,17,arxiv:2607.08257
C5,inject,18,arxiv:2606.11702
C5,inject,19,arxiv:2606.31179
C5,inject,20,arxiv:2509.19319
C5,inject,21,arxiv:2501.14654
C5,inject,22,arxiv:2601.19773
C5,inject,23,arxiv:2503.22678
C5,inject,24,arxiv:2412.09529
C5,inject,25,arxiv:2601.08988
C5,inject,26,arxiv:2603.24649
C5,inject,27,arxiv:2410.17657
C5,inject,28,arxiv:2605.21496
C5,inject,29,arxiv:2609.33117
C5,inject,30,arxiv:2605.09679
C5,inject,31,arxiv:2605.02240
C5,inject,32,arxiv:2601.22964
C5,inject,33,arxiv:2606.02568
C5,inject,34,arxiv:2509.23415
C5,inject,35,arxiv:2606.28900
C5,inject,36,arxiv:2608.07796
C5,inject,37,arxiv:2603.14771
C5,inject,38,arxiv:2510.24654
C5,inject,39,arxiv:2512.10206
C5,inject,40,arxiv:2605.02943
C5,inject,41,arxiv:2510.10278
C5,inject,42,arxiv:2605.11224
C5,inject,43,pubmed:41727598
C5,inject,44,arxiv:2606.03203
C5,inject,45,arxiv:2608.30188
C5,buried,1,arxiv:2510.10278
C5,buried,2,arxiv:2606.03203
C5,buried,3,arxiv:2606.11702
C5,buried,4,arxiv:2412.09529
C5,buried,5,arxiv:2601.08988
C5,buried,6,arxiv:2512.23440
C5,buried,7,arxiv:2603.14771
C5,buried,8,arxiv:2608.07796
C5,buried,9,arxiv:2410.17657
C5,buried,10,arxiv:2606.18613
C5,buried,11,arxiv:2512.10206
C5,buried,12,arxiv:2601.19773
C5,buried,13,arxiv:2608.30188
C5,buried,14,arxiv:2607.08257
C5,buried,15,arxiv:2509.23415
C5,buried,16,arxiv:2501.14654
C5,buried,17,arxiv:2607.25485
C5,buried,18,arxiv:2609.30027
C5,buried,19,arxiv:2602.05407
C5,buried,20,arxiv:2605.11224
C5,buried,21,arxiv:2609.39371
C5,buried,22,arxiv:2509.19319
C5,buried,23,arxiv:2605.09679
C5,buried,24,arxiv:2605.21496
C5,buried,25,arxiv:2604.26577
C5,buried,26,arxiv:2606.31179
C5,buried,27,arxiv:2606.28900
C5,buried,28,arxiv:2601.23049
C5,buried,29,arxiv:2510.24654
C5,buried,30,arxiv:2606.02568
C5,buried,31,arxiv:2511.20490
C5,buried,32,arxiv:2605.09675
C5,buried,33,arxiv:2606.23301
C5,buried,34,arxiv:2604.14656
C5,buried,35,arxiv:2605.02240
C5,buried,36,arxiv:2601.22964
C5,buried,37,arxiv:2606.05112
C5,buried,38,arxiv:2503.22678
C5,buried,39,pubmed:41727598
C5,buried,40,arxiv:2605.02943
C5,buried,41,pubmed:41758153
C5,buried,42,arxiv:2603.24649
C5,buried,43,arxiv:2405.07960
C5,buried,44,arxiv:2609.38480
C5,buried,45,arxiv:2609.33117
C5,paraphrase,1,arxiv:2603.24649
C5,paraphrase,2,pubmed:41727598
C5,paraphrase,3,pubmed:41758153
C5,paraphrase,4,arxiv:2405.07960
C5,paraphrase,5,arxiv:2501.14654
C5,paraphrase,6,arxiv:2606.18613
C5,paraphrase,7,arxiv:2606.11702
C5,paraphrase,8,arxiv:2607.25485
C5,paraphrase,9,arxiv:2605.09675
C5,paraphrase,10,arxiv:2605.21496
C5,paraphrase,11,arxiv:2606.23301
C5,paraphrase,12,arxiv:2510.10278
C5,paraphrase,13,arxiv:2609.33117
C5,paraphrase,14,arxiv:2601.22964
C5,paraphrase,15,arxiv:2601.23049
C5,paraphrase,16,arxiv:2510.24654
C5,paraphrase,17,arxiv:2601.08988
C5,paraphrase,18,arxiv:2503.22678
C5,paraphrase,19,arxiv:2605.09679
C5,paraphrase,20,arxiv:2509.23415
C5,paraphrase,21,arxiv:2606.31179
C5,paraphrase,22,arxiv:2512.10206
C5,paraphrase,23,arxiv:2607.08257
C5,paraphrase,24,arxiv:2608.07796
C5,paraphrase,25,arxiv:2603.14771
C5,paraphrase,26,arxiv:2512.23440
C5,paraphrase,27,arxiv:2606.02568
C5,paraphrase,28,arxiv:2605.11224
C5,paraphrase,29,arxiv:2609.38480
C5,paraphrase,30,arxiv:2601.19773
C5,paraphrase,31,arxiv:2605.02240
C5,paraphrase,32,arxiv:2604.26577
C5,paraphrase,33,arxiv:2602.05407
C5,paraphrase,34,arxiv:2606.28900
C5,paraphrase,35,arxiv:2609.39371
C5,paraphrase,36,arxiv:2410.17657
C5,paraphrase,37,arxiv:2412.09529
C5,paraphrase,38,arxiv:2609.30027
C5,paraphrase,39,arxiv:2511.20490
C5,paraphrase,40,arxiv:2509.19319
C5,paraphrase,41,arxiv:2608.30188
C5,paraphrase,42,arxiv:2605.02943
C5,paraphrase,43,arxiv:2604.14656
C5,paraphrase,44,arxiv:2606.03203
C5,paraphrase,45,arxiv:2606.05112
C5,deletion,1,arxiv:2601.08988
C5,deletion,2,arxiv:2605.11224
C5,deletion,3,pubmed:41727598
C5,deletion,4,arxiv:2412.09529
C5,deletion,5,arxiv:2606.31179
C5,deletion,6,arxiv:2501.14654
C5,deletion,7,arxiv:2509.23415
C5,deletion,8,arxiv:2608.07796
C5,deletion,9,arxiv:2609.33117
C5,deletion,10,arxiv:2606.23301
C5,deletion,11,arxiv:2603.24649
C5,deletion,12,arxiv:2510.24654
C5,deletion,13,arxiv:2509.19319
C5,deletion,14,arxiv:2607.25485
C5,deletion,15,arxiv:2512.10206
C5,deletion,16,arxiv:2609.39371
C5,deletion,17,arxiv:2606.11702
C5,deletion,18,arxiv:2510.10278
C5,deletion,19,arxiv:2601.23049
C5,deletion,20,arxiv:2606.02568
C5,deletion,21,arxiv:2606.03203
C5,deletion,22,arxiv:2603.14771
C5,deletion,23,arxiv:2604.26577
C5,deletion,24,arxiv:2605.21496
C5,deletion,25,arxiv:2511.20490
C5,deletion,26,arxiv:2607.08257
C5,deletion,27,pubmed:41758153
C5,deletion,28,arxiv:2405.07960
C5,deletion,29,arxiv:2410.17657
C5,deletion,30,arxiv:2609.30027
C5,deletion,31,arxiv:2606.28900
C5,deletion,32,arxiv:2605.09675
C5,deletion,33,arxiv:2605.09679
C5,deletion,34,arxiv:2601.19773
C5,deletion,35,arxiv:2608.30188
C5,deletion,36,arxiv:2602.05407
C5,deletion,37,arxiv:2605.02240
C5,deletion,38,arxiv:2601.22964
C5,deletion,39,arxiv:2604.14656
C5,deletion,40,arxiv:2512.23440
C5,deletion,41,arxiv:2606.05112
C5,deletion,42,arxiv:2606.18613
C5,deletion,43,arxiv:2503.22678
C5,deletion,44,arxiv:2609.38480
C5,deletion,45,arxiv:2605.02943
C5,decoy,1,arxiv:2509.19319
C5,decoy,2,pubmed:41727598
C5,decoy,3,arxiv:2503.22678
C5,decoy,4,arxiv:2510.24654
C5,decoy,5,arxiv:2605.09679
C5,decoy,6,arxiv:2603.24649
C5,decoy,7,pubmed:41758153
C5,decoy,8,arxiv:2606.18613
C5,decoy,9,arxiv:2605.11224
C5,decoy,10,arxiv:2604.26577
C5,decoy,11,arxiv:2412.09529
C5,decoy,12,arxiv:2606.02568
C5,decoy,13,arxiv:2512.10206
C5,decoy,14,arxiv:2605.02240
C5,decoy,15,arxiv:2605.21496
C5,decoy,16,arxiv:2609.39371
C5,decoy,17,arxiv:2606.23301
C5,decoy,18,arxiv:2501.14654
C5,decoy,19,arxiv:2606.03203
C5,decoy,20,arxiv:2607.08257
C5,decoy,21,arxiv:2510.10278
C5,decoy,22,arxiv:2609.33117
C5,decoy,23,arxiv:2606.05112
C5,decoy,24,arxiv:2605.02943
C5,decoy,25,arxiv:2511.20490
C5,decoy,26,arxiv:2512.23440
C5,decoy,27,arxiv:2601.23049
C5,decoy,28,arxiv:2609.30027
C5,decoy,29,arxiv:2601.19773
C5,decoy,30,arxiv:2604.14656
C5,decoy,31,arxiv:2607.25485
C5,decoy,32,arxiv:2410.17657
C5,decoy,33,arxiv:2606.31179
C5,decoy,34,arxiv:2405.07960
C5,decoy,35,arxiv:2601.08988
C5,decoy,36,arxiv:2609.38480
C5,decoy,37,arxiv:2601.22964
C5,decoy,38,arxiv:2606.28900
C5,decoy,39,arxiv:2509.23415
C5,decoy,40,arxiv:2605.09675
C5,decoy,41,arxiv:2608.07796
C5,decoy,42,arxiv:2603.14771
C5,decoy,43,arxiv:2608.30188
C5,decoy,44,arxiv:2606.11702
C5,decoy,45,arxiv:2602.05407
C6,inject,1,arxiv:2412.09529
C6,inject,2,arxiv:2601.19773
C6,inject,3,pubmed:41727598
C6,inject,4,arxiv:2605.02240
C6,inject,5,arxiv:2511.20490
C6,inject,6,arxiv:2510.24654
C6,inject,7,arxiv:2608.30188
C6,inject,8,arxiv:2606.18613
C6,inject,9,pubmed:41758153
C6,inject,10,arxiv:2603.24649
C6,inject,11,arxiv:2605.11224
C6,inject,12,arxiv:2608.07796
C6,inject,13,arxiv:2605.09679
C6,inject,14,arxiv:2604.26577
C6,inject,15,arxiv:2606.31179
C6,inject,16,arxiv:2609.30027
C6,inject,17,arxiv:2605.02943
C6,inject,18,arxiv:2501.14654
C6,inject,19,arxiv:2607.08257
C6,inject,20,arxiv:2510.10278
C6,inject,21,arxiv:2410.17657
C6,inject,22,arxiv:2601.22964
C6,inject,23,arxiv:2606.03203
C6,inject,24,arxiv:2503.22678
C6,inject,25,arxiv:2405.07960
C6,inject,26,arxiv:2607.25485
C6,inject,27,arxiv:2509.23415
C6,inject,28,arxiv:2602.05407
C6,inject,29,arxiv:2606.02568
C6,inject,30,arxiv:2604.14656
C6,inject,31,arxiv:2606.05112
C6,inject,32,arxiv:2605.21496
C6,inject,33,arxiv:2601.08988
C6,inject,34,arxiv:2605.09675
C6,inject,35,arxiv:2509.19319
C6,inject,36,arxiv:2603.14771
C6,inject,37,arxiv:2606.23301
C6,inject,38,arxiv:2512.23440
C6,inject,39,arxiv:2606.28900
C6,inject,40,arxiv:2512.10206
C6,inject,41,arxiv:2609.38480
C6,inject,42,arxiv:2609.39371
C6,inject,43,arxiv:2601.23049
C6,inject,44,arxiv:2606.11702
C6,inject,45,arxiv:2609.33117
C6,buried,1,arxiv:2608.30188
C6,buried,2,arxiv:2605.02240
C6,buried,3,arxiv:2606.18613
C6,buried,4,arxiv:2607.08257
C6,buried,5,arxiv:2605.02943
C6,buried,6,arxiv:2604.14656
C6,buried,7,arxiv:2503.22678
C6,buried,8,arxiv:2606.31179
C6,buried,9,arxiv:2405.07960
C6,buried,10,arxiv:2605.09679
C6,buried,11,arxiv:2606.05112
C6,buried,12,arxiv:2412.09529
C6,buried,13,pubmed:41727598
C6,buried,14,arxiv:2602.05407
C6,buried,15,arxiv:2512.23440
C6,buried,16,arxiv:2410.17657
C6,buried,17,arxiv:2603.24649
C6,buried,18,arxiv:2606.28900
C6,buried,19,pubmed:41758153
C6,buried,20,arxiv:2608.07796
C6,buried,21,arxiv:2603.14771
C6,buried,22,arxiv:2605.09675
C6,buried,23,arxiv:2501.14654
C6,buried,24,arxiv:2510.10278
C6,buried,25,arxiv:2511.20490
C6,buried,26,arxiv:2605.11224
C6,buried,27,arxiv:2601.08988
C6,buried,28,arxiv:2509.19319
C6,buried,29,arxiv:2609.38480
C6,buried,30,arxiv:2606.03203
C6,buried,31,arxiv:2606.11702
C6,buried,32,arxiv:2609.30027
C6,buried,33,arxiv:2604.26577
C6,buried,34,arxiv:2605.21496
C6,buried,35,arxiv:2601.19773
C6,buried,36,arxiv:2601.22964
C6,buried,37,arxiv:2510.24654
C6,buried,38,arxiv:2607.25485
C6,buried,39,arxiv:2609.39371
C6,buried,40,arxiv:2512.10206
C6,buried,41,arxiv:2606.23301
C6,buried,42,arxiv:2609.33117
C6,buried,43,arxiv:2601.23049
C6,buried,44,arxiv:2606.02568
C6,buried,45,arxiv:2509.23415
C6,paraphrase,1,arxiv:2606.02568
C6,paraphrase,2,arxiv:2606.11702
C6,paraphrase,3,arxiv:2609.33117
C6,paraphrase,4,arxiv:2410.17657
C6,paraphrase,5,arxiv:2503.22678
C6,paraphrase,6,arxiv:2509.19319
C6,paraphrase,7,arxiv:2608.07796
C6,paraphrase,8,arxiv:2605.02943
C6,paraphrase,9,arxiv:2605.21496
C6,paraphrase,10,arxiv:2606.18613
C6,paraphrase,11,arxiv:2606.05112
C6,paraphrase,12,arxiv:2609.30027
C6,paraphrase,13,arxiv:2607.08257
C6,paraphrase,14,arxiv:2604.26577
C6,paraphrase,15,arxiv:2606.28900
C6,paraphrase,16,arxiv:2606.03203
C6,paraphrase,17,arxiv:2501.14654
C6,paraphrase,18,arxiv:2602.05407
C6,paraphrase,19,arxiv:2608.30188
C6,paraphrase,20,arxiv:2609.39371
C6,paraphrase,21,arxiv:2605.09675
C6,paraphrase,22,arxiv:2405.07960
C6,paraphrase,23,arxiv:2601.19773
C6,paraphrase,24,arxiv:2510.10278
C6,paraphrase,25,arxiv:2607.25485
C6,paraphrase,26,arxiv:2512.10206
C6,paraphrase,27,arxiv:2601.08988
C6,paraphrase,28,arxiv:2603.14771
C6,paraphrase,29,arxiv:2609.38480
C6,paraphrase,30,arxiv:2512.23440
C6,paraphrase,31,arxiv:2601.23049
C6,paraphrase,32,pubmed:41758153
C6,paraphrase,33,arxiv:2605.02240
C6,paraphrase,34,arxiv:2603.24649
C6,paraphrase,35,arxiv:2412.09529
C6,paraphrase,36,arxiv:2604.14656
C6,paraphrase,37,arxiv:2605.11224
C6,paraphrase,38,arxiv:2510.24654
C6,paraphrase,39,arxiv:2605.09679
C6,paraphrase,40,pubmed:41727598
C6,paraphrase,41,arxiv:2601.22964
C6,paraphrase,42,arxiv:2606.23301
C6,paraphrase,43,arxiv:2509.23415
C6,paraphrase,44,arxiv:2606.31179
C6,paraphrase,45,arxiv:2511.20490
C6,deletion,1,arxiv:2606.31179
C6,deletion,2,arxiv:2609.38480
C6,deletion,3,arxiv:2606.23301
C6,deletion,4,arxiv:2605.11224
C6,deletion,5,arxiv:2609.30027
C6,deletion,6,arxiv:2609.39371
C6,deletion,7,arxiv:2412.09529
C6,deletion,8,arxiv:2510.10278
C6,deletion,9,arxiv:2602.05407
C6,deletion,10,arxiv:2511.20490
C6,deletion,11,arxiv:2603.24649
C6,deletion,12,arxiv:2606.03203
C6,deletion,13,arxiv:2609.33117
C6,deletion,14,arxiv:2601.08988
C6,deletion,15,arxiv:2604.26577
C6,deletion,16,arxiv:2605.09675
C6,deletion,17,arxiv:2603.14771
C6,deletion,18,arxiv:2510.24654
C6,deletion,19,arxiv:2501.14654
C6,deletion,20,arxiv:2608.07796
C6,deletion,21,arxiv:2607.25485
C6,deletion,22,arxiv:2606.28900
C6,deletion,23,arxiv:2606.11702
C6,deletion,24,arxiv:2605.21496
C6,deletion,25,arxiv:2608.30188
C6,deletion,26,arxiv:2410.17657
C6,deletion,27,arxiv:2605.02943
C6,deletion,28,arxiv:2605.02240
C6,deletion,29,arxiv:2503.22678
C6,deletion,30,arxiv:2601.19773
C6,deletion,31,arxiv:2512.23440
C6,deletion,32,arxiv:2606.18613
C6,deletion,33,pubmed:41727598
C6,deletion,34,arxiv:2509.19319
C6,deletion,35,arxiv:2607.08257
C6,deletion,36,arxiv:2601.23049
C6,deletion,37,arxiv:2606.02568
C6,deletion,38,arxiv:2605.09679
C6,deletion,39,arxiv:2601.22964
C6,deletion,40,arxiv:2604.14656
C6,deletion,41,arxiv:2606.05112
C6,deletion,42,pubmed:41758153
C6,deletion,43,arxiv:2509.23415
C6,deletion,44,arxiv:2405.07960
C6,deletion,45,arxiv:2512.10206
C6,decoy,1,arxiv:2412.09529
C6,decoy,2,arxiv:2603.24649
C6,decoy,3,arxiv:2605.09679
C6,decoy,4,pubmed:41758153
C6,decoy,5,arxiv:2609.30027
C6,decoy,6,arxiv:2605.21496
C6,decoy,7,arxiv:2605.02240
C6,decoy,8,arxiv:2606.31179
C6,decoy,9,arxiv:2604.14656
C6,decoy,10,arxiv:2512.10206
C6,decoy,11,arxiv:2601.23049
C6,decoy,12,arxiv:2510.24654
C6,decoy,13,arxiv:2605.09675
C6,decoy,14,arxiv:2604.26577
C6,decoy,15,arxiv:2606.28900
C6,decoy,16,arxiv:2509.23415
C6,decoy,17,arxiv:2606.18613
C6,decoy,18,arxiv:2606.02568
C6,decoy,19,arxiv:2501.14654
C6,decoy,20,arxiv:2512.23440
C6,decoy,21,arxiv:2606.05112
C6,decoy,22,arxiv:2608.30188
C6,decoy,23,arxiv:2609.39371
C6,decoy,24,arxiv:2405.07960
C6,decoy,25,arxiv:2601.19773
C6,decoy,26,arxiv:2410.17657
C6,decoy,27,arxiv:2607.25485
C6,decoy,28,arxiv:2602.05407
C6,decoy,29,arxiv:2503.22678
C6,decoy,30,arxiv:2606.11702
C6,decoy,31,arxiv:2510.10278
C6,decoy,32,arxiv:2601.08988
C6,decoy,33,pubmed:41727598
C6,decoy,34,arxiv:2605.11224
C6,decoy,35,arxiv:2509.19319
C6,decoy,36,arxiv:2511.20490
C6,decoy,37,arxiv:2609.33117
C6,decoy,38,arxiv:2606.03203
C6,decoy,39,arxiv:2603.14771
C6,decoy,40,arxiv:2601.22964
C6,decoy,41,arxiv:2609.38480
C6,decoy,42,arxiv:2607.08257
C6,decoy,43,arxiv:2605.02943
C6,decoy,44,arxiv:2606.23301
C6,decoy,45,arxiv:2608.07796
C7,inject,1,arxiv:2606.11702
C7,inject,2,arxiv:2509.23415
C7,inject,3,pubmed:41727598
C7,inject,4,arxiv:2605.09675
C7,inject,5,arxiv:2606.23301
C7,inject,6,arxiv:2605.21496
C7,inject,7,arxiv:2605.11224
C7,inject,8,arxiv:2512.10206
C7,inject,9,arxiv:2601.08988
C7,inject,10,arxiv:2503.22678
C7,inject,11,arxiv:2509.19319
C7,inject,12,arxiv:2510.10278
C7,inject,13,arxiv:2601.19773
C7,inject,14,arxiv:2511.20490
C7,inject,15,arxiv:2601.23049
C7,inject,16,arxiv:2609.30027
C7,inject,17,arxiv:2603.14771
C7,inject,18,arxiv:2609.39371
C7,inject,19,arxiv:2604.26577
C7,inject,20,arxiv:2609.38480
C7,inject,21,arxiv:2412.09529
C7,inject,22,arxiv:2606.02568
C7,inject,23,arxiv:2606.18613
C7,inject,24,arxiv:2604.14656
C7,inject,25,arxiv:2601.22964
C7,inject,26,arxiv:2606.05112
C7,inject,27,arxiv:2512.23440
C7,inject,28,arxiv:2606.28900
C7,inject,29,arxiv:2607.25485
C7,inject,30,arxiv:2605.02943
C7,inject,31,arxiv:2501.14654
C7,inject,32,arxiv:2605.09679
C7,inject,33,arxiv:2405.07960
C7,inject,34,arxiv:2602.05407
C7,inject,35,arxiv:2608.30188
C7,inject,36,arxiv:2606.31179
C7,inject,37,arxiv:2607.08257
C7,inject,38,arxiv:2605.02240
C7,inject,39,arxiv:2606.03203
C7,inject,40,arxiv:2603.24649
C7,inject,41,arxiv:2608.07796
C7,inject,42,pubmed:41758153
C7,inject,43,arxiv:2510.24654
C7,inject,44,arxiv:2609.33117
C7,inject,45,arxiv:2410.17657
C7,buried,1,arxiv:2608.07796
C7,buried,2,arxiv:2601.23049
C7,buried,3,arxiv:2605.11224
C7,buried,4,arxiv:2603.24649
C7,buried,5,arxiv:2602.05407
C7,buried,6,arxiv:2605.21496
C7,buried,7,arxiv:2609.38480
C7,buried,8,arxiv:2606.23301
C7,buried,9,arxiv:2604.26577
C7,buried,10,arxiv:2603.14771
C7,buried,11,arxiv:2606.28900
C7,buried,12,arxiv:2605.09679
C7,buried,13,arxiv:2512.23440
C7,buried,14,arxiv:2609.33117
C7,buried,15,arxiv:2511.20490
C7,buried,16,arxiv:2601.08988
C7,buried,17,arxiv:2510.10278
C7,buried,18,arxiv:2512.10206
C7,buried,19,arxiv:2510.24654
C7,buried,20,arxiv:2509.19319
C7,buried,21,arxiv:2606.03203
C7,buried,22,arxiv:2601.19773
C7,buried,23,arxiv:2606.11702
C7,buried,24,arxiv:2605.02943
C7,buried,25,arxiv:2606.02568
C7,buried,26,arxiv:2509.23415
C7,buried,27,arxiv:2608.30188
C7,buried,28,arxiv:2609.39371
C7,buried,29,arxiv:2606.05112
C7,buried,30,arxiv:2410.17657
C7,buried,31,arxiv:2606.18613
C7,buried,32,pubmed:41727598
C7,buried,33,arxiv:2412.09529
C7,buried,34,arxiv:2503.22678
C7,buried,35,arxiv:2501.14654
C7,buried,36,arxiv:2607.08257
C7,buried,37,arxiv:2405.07960
C7,buried,38,arxiv:2607.25485
C7,buried,39,arxiv:2609.30027
C7,buried,40,arxiv:2604.14656
C7,buried,41,arxiv:2601.22964
C7,buried,42,arxiv:2605.09675
C7,buried,43,pubmed:41758153
C7,buried,44,arxiv:2606.31179
C7,buried,45,arxiv:2605.02240
C7,paraphrase,1,arxiv:2604.14656
C7,paraphrase,2,arxiv:2512.23440
C7,paraphrase,3,arxiv:2509.19319
C7,paraphrase,4,arxiv:2511.20490
C7,paraphrase,5,arxiv:2606.31179
C7,paraphrase,6,arxiv:2609.33117
C7,paraphrase,7,arxiv:2602.05407
C7,paraphrase,8,arxiv:2606.28900
C7,paraphrase,9,arxiv:2605.02943
C7,paraphrase,10,arxiv:2605.02240
C7,paraphrase,11,arxiv:2605.21496
C7,paraphrase,12,arxiv:2605.11224
C7,paraphrase,13,arxiv:2601.23049
C7,paraphrase,14,arxiv:2603.14771
C7,paraphrase,15,arxiv:2604.26577
C7,paraphrase,16,arxiv:2609.39371
C7,paraphrase,17,arxiv:2510.24654
C7,paraphrase,18,arxiv:2512.10206
C7,paraphrase,19,arxiv:2608.30188
C7,paraphrase,20,arxiv:2405.07960
C7,paraphrase,21,arxiv:2601.08988
C7,paraphrase,22,arxiv:2410.17657
C7,paraphrase,23,arxiv:2606.03203
C7,paraphrase,24,arxiv:2606.18613
C7,paraphrase,25,arxiv:2503.22678
C7,paraphrase,26,arxiv:2609.30027
C7,paraphrase,27,pubmed:41758153
C7,paraphrase,28,arxiv:2605.09679
C7,paraphrase,29,arxiv:2509.23415
C7,paraphrase,30,arxiv:2606.05112
C7,paraphrase,31,arxiv:2607.08257
C7,paraphrase,32,pubmed:41727598
C7,paraphrase,33,arxiv:2412.09529
C7,paraphrase,34,arxiv:2608.07796
C7,paraphrase,35,arxiv:2601.19773
C7,paraphrase,36,arxiv:2601.22964
C7,paraphrase,37,arxiv:2607.25485
C7,paraphrase,38,arxiv:2603.24649
C7,paraphrase,39,arxiv:2606.11702
C7,paraphrase,40,arxiv:2609.38480
C7,paraphrase,41,arxiv:2606.02568
C7,paraphrase,42,arxiv:2605.09675
C7,paraphrase,43,arxiv:2501.14654
C7,paraphrase,44,arxiv:2606.23301
C7,paraphrase,45,arxiv:2510.10278
C7,deletion,1,arxiv:2606.11702
C7,deletion,2,arxiv:2605.21496
C7,deletion,3,arxiv:2510.10278
C7,deletion,4,arxiv:2605.02240
C7,deletion,5,arxiv:2511.20490
C7,deletion,6,arxiv:2609.30027
C7,deletion,7,arxiv:2501.14654
C7,deletion,8,arxiv:2510.24654
C7,deletion,9,arxiv:2605.09679
C7,deletion,10,arxiv:2412.09529
C7,deletion,11,arxiv:2509.23415
C7,deletion,12,arxiv:2606.18613
C7,deletion,13,pubmed:41758153
C7,deletion,14,arxiv:2608.30188
C7,deletion,15,arxiv:2604.14656
C7,deletion,16,arxiv:2605.09675
C7,deletion,17,arxiv:2509.19319
C7,deletion,18,arxiv:2607.08257
C7,deletion,19,arxiv:2601.23049
C7,deletion,20,arxiv:2606.02568
C7,deletion,21,arxiv:2606.05112
C7,deletion,22,arxiv:2603.14771
C7,deletion,23,arxiv:2601.08988
C7,deletion,24,arxiv:2606.28900
C7,deletion,25,pubmed:41727598
C7,deletion,26,arxiv:2512.23440
C7,deletion,27,arxiv:2607.25485
C7,deletion,28,arxiv:2606.23301
C7,deletion,29,arxiv:2605.02943
C7,deletion,30,arxiv:2608.07796
C7,deletion,31,arxiv:2503.22678
C7,deletion,32,arxiv:2512.10206
C7,deletion,33,arxiv:2603.24649
C7,deletion,34,arxiv:2410.17657
C7,deletion,35,arxiv:2601.22964
C7,deletion,36,arxiv:2405.07960
C7,deletion,37,arxiv:2606.03203
C7,deletion,38,arxiv:2605.11224
C7,deletion,39,arxiv:2602.05407
C7,deletion,40,arxiv:2609.39371
C7,deletion,41,arxiv:2601.19773
C7,deletion,42,arxiv:2609.33117
C7,deletion,43,arxiv:2606.31179
C7,deletion,44,arxiv:2604.26577
C7,deletion,45,arxiv:2609.38480
C7,decoy,1,arxiv:2601.23049
C7,decoy,2,arxiv:2510.24654
C7,decoy,3,arxiv:2608.30188
C7,decoy,4,arxiv:2606.18613
C7,decoy,5,arxiv:2601.19773
C7,decoy,6,arxiv:2606.23301
C7,decoy,7,arxiv:2605.11224
C7,decoy,8,arxiv:2609.33117
C7,decoy,9,arxiv:2607.08257
C7,decoy,10,arxiv:2601.22964
C7,decoy,11,arxiv:2509.23415
C7,decoy,12,arxiv:2605.02240
C7,decoy,13,arxiv:2606.03203
C7,decoy,14,arxiv:2605.02943
C7,decoy,15,arxiv:2603.24649
C7,decoy,16,arxiv:2412.09529
C7,decoy,17,arxiv:2410.17657
C7,decoy,18,arxiv:2606.11702
C7,decoy,19,arxiv:2604.26577
C7,decoy,20,arxiv:2511.20490
C7,decoy,21,arxiv:2509.19319
C7,decoy,22,pubmed:41727598
C7,decoy,23,arxiv:2510.10278
C7,decoy,24,arxiv:2606.02568
C7,decoy,25,arxiv:2405.07960
C7,decoy,26,arxiv:2605.09679
C7,decoy,27,arxiv:2609.39371
C7,decoy,28,arxiv:2606.31179
C7,decoy,29,arxiv:2602.05407
C7,decoy,30,arxiv:2606.05112
C7,decoy,31,arxiv:2607.25485
C7,decoy,32,arxiv:2512.23440
C7,decoy,33,arxiv:2605.21496
C7,decoy,34,arxiv:2606.28900
C7,decoy,35,arxiv:2608.07796
C7,decoy,36,arxiv:2605.09675
C7,decoy,37,arxiv:2503.22678
C7,decoy,38,arxiv:2603.14771
C7,decoy,39,arxiv:2604.14656
C7,decoy,40,arxiv:2609.30027
C7,decoy,41,arxiv:2501.14654
C7,decoy,42,pubmed:41758153
C7,decoy,43,arxiv:2601.08988
C7,decoy,44,arxiv:2609.38480
C7,decoy,45,arxiv:2512.10206
C8,inject,1,arxiv:2603.24649
C8,inject,2,arxiv:2510.10278
C8,inject,3,arxiv:2601.19773
C8,inject,4,arxiv:2604.14656
C8,inject,5,arxiv:2608.07796
C8,inject,6,arxiv:2606.31179
C8,inject,7,arxiv:2609.38480
C8,inject,8,arxiv:2607.08257
C8,inject,9,arxiv:2605.02943
C8,inject,10,arxiv:2601.08988
C8,inject,11,arxiv:2606.28900
C8,inject,12,arxiv:2605.09679
C8,inject,13,arxiv:2603.14771
C8,inject,14,arxiv:2501.14654
C8,inject,15,arxiv:2512.23440
C8,inject,16,arxiv:2410.17657
C8,inject,17,arxiv:2604.26577
C8,inject,18,arxiv:2503.22678
C8,inject,19,arxiv:2606.23301
C8,inject,20,arxiv:2602.05407
C8,inject,21,arxiv:2605.11224
C8,inject,22,arxiv:2609.33117
C8,inject,23,arxiv:2511.20490
C8,inject,24,arxiv:2405.07960
C8,inject,25,arxiv:2605.02240
C8,inject,26,arxiv:2609.39371
C8,inject,27,arxiv:2509.23415
C8,inject,28,arxiv:2509.19319
C8,inject,29,arxiv:2605.09675
C8,inject,30,arxiv:2512.10206
C8,inject,31,pubmed:41727598
C8,inject,32,arxiv:2607.25485
C8,inject,33,arxiv:2608.30188
C8,inject,34,arxiv:2606.05112
C8,inject,35,arxiv:2606.11702
C8,inject,36,arxiv:2601.23049
C8,inject,37,arxiv:2605.21496
C8,inject,38,arxiv:2412.09529
C8,inject,39,arxiv:2606.18613
C8,inject,40,arxiv:2510.24654
C8,inject,41,arxiv:2606.03203
C8,inject,42,arxiv:2606.02568
C8,inject,43,pubmed:41758153
C8,inject,44,arxiv:2609.30027
C8,inject,45,arxiv:2601.22964
C8,buried,1,arxiv:2609.39371
C8,buried,2,arxiv:2607.25485
C8,buried,3,arxiv:2601.19773
C8,buried,4,arxiv:2510.10278
C8,buried,5,arxiv:2601.23049
C8,buried,6,arxiv:2503.22678
C8,buried,7,arxiv:2607.08257
C8,buried,8,arxiv:2509.19319
C8,buried,9,arxiv:2606.23301
C8,buried,10,arxiv:2605.09679
C8,buried,11,arxiv:2606.18613
C8,buried,12,arxiv:2606.28900
C8,buried,13,arxiv:2510.24654
C8,buried,14,arxiv:2512.23440
C8,buried,15,pubmed:41758153
C8,buried,16,arxiv:2606.05112
C8,buried,17,arxiv:2605.02240
C8,buried,18,arxiv:2606.31179
C8,buried,19,arxiv:2602.05407
C8,buried,20,pubmed:41727598
C8,buried,21,arxiv:2605.21496
C8,buried,22,arxiv:2609.33117
C8,buried,23,arxiv:2601.22964
C8,buried,24,arxiv:2608.30188
C8,buried,25,arxiv:2410.17657
C8,buried,26,arxiv:2608.07796
C8,buried,27,arxiv:2509.23415
C8,buried,28,arxiv:2605.11224
C8,buried,29,arxiv:2609.30027
C8,buried,30,arxiv:2501.14654
C8,buried,31,arxiv:2606.02568
C8,buried,32,arxiv:2605.02943
C8,buried,33,arxiv:2412.09529
C8,buried,34,arxiv:2604.14656
C8,buried,35,arxiv:2511.20490
C8,buried,36,arxiv:2405.07960
C8,buried,37,arxiv:2604.26577
C8,buried,38,arxiv:2606.11702
C8,buried,39,arxiv:2609.38480
C8,buried,40,arxiv:2601.08988
C8,buried,41,arxiv:2603.14771
C8,buried,42,arxiv:2512.10206
C8,buried,43,arxiv:2603.24649
C8,buried,44,arxiv:2605.09675
C8,buried,45,arxiv:2606.03203
C8,paraphrase,1,arxiv:2512.23440
C8,paraphrase,2,pubmed:41727598
C8,paraphrase,3,arxiv:2609.33117
C8,paraphrase,4,arxiv:2606.02568
C8,paraphrase,5,arxiv:2501.14654
C8,paraphrase,6,arxiv:2608.30188
C8,paraphrase,7,arxiv:2509.23415
C8,paraphrase,8,arxiv:2607.25485
C8,paraphrase,9,arxiv:2606.11702
C8,paraphrase,10,arxiv:2601.22964
C8,paraphrase,11,arxiv:2608.07796
C8,paraphrase,12,arxiv:2605.21496
C8,paraphrase,13,arxiv:2605.02943
C8,paraphrase,14,pubmed:41758153
C8,paraphrase,15,arxiv:2609.30027
C8,paraphrase,16,arxiv:2609.38480
C8,paraphrase,17,arxiv:2412.09529
C8,paraphrase,18,arxiv:2606.23301
C8,paraphrase,19,arxiv:2603.24649
C8,paraphrase,20,arxiv:2503.22678
C8,paraphrase,21,arxiv:2405.07960
C8,paraphrase,22,arxiv:2602.05407
C8,paraphrase,23,arxiv:2511.20490
C8,paraphrase,24,arxiv:2606.28900
C8,paraphrase,25,arxiv:2605.11224
C8,paraphrase,26,arxiv:2605.02240
C8,paraphrase,27,arxiv:2606.18613
C8,paraphrase,28,arxiv:2601.23049
C8,paraphrase,29,arxiv:2607.08257
C8,paraphrase,30,arxiv:2606.31179
C8,paraphrase,31,arxiv:2604.26577
C8,paraphrase,32,arxiv:2510.24654
C8,paraphrase,33,arxiv:2603.14771
C8,paraphrase,34,arxiv:2509.19319
C8,paraphrase,35,arxiv:2606.03203
C8,paraphrase,36,arxiv:2512.10206
C8,paraphrase,37,arxiv:2604.14656
C8,paraphrase,38,arxiv:2605.09675
C8,paraphrase,39,arxiv:2605.09679
C8,paraphrase,40,arxiv:2601.19773
C8,paraphrase,41,arxiv:2606.05112
C8,paraphrase,42,arxiv:2601.08988
C8,paraphrase,43,arxiv:2410.17657
C8,paraphrase,44,arxiv:2510.10278
C8,paraphrase,45,arxiv:2609.39371
C8,deletion,1,arxiv:2609.39371
C8,deletion,2,arxiv:2606.31179
C8,deletion,3,arxiv:2510.10278
C8,deletion,4,pubmed:41727598
C8,deletion,5,arxiv:2603.24649
C8,deletion,6,arxiv:2606.23301
C8,deletion,7,arxiv:2605.02943
C8,deletion,8,arxiv:2605.09675
C8,deletion,9,arxiv:2606.11702
C8,deletion,10,arxiv:2604.26577
C8,deletion,11,arxiv:2606.28900
C8,deletion,12,arxiv:2604.14656
C8,deletion,13,arxiv:2606.18613
C8,deletion,14,arxiv:2606.05112
C8,deletion,15,arxiv:2601.23049
C8,deletion,16,arxiv:2512.10206
C8,deletion,17,arxiv:2410.17657
C8,deletion,18,arxiv:2511.20490
C8,deletion,19,arxiv:2501.14654
C8,deletion,20,arxiv:2609.33117
C8,deletion,21,arxiv:2605.09679
C8,deletion,22,arxiv:2405.07960
C8,deletion,23,arxiv:2601.19773
C8,deletion,24,arxiv:2601.08988
C8,deletion,25,arxiv:2605.21496
C8,deletion,26,arxiv:2503.22678
C8,deletion,27,arxiv:2412.09529
C8,deletion,28,arxiv:2509.23415
C8,deletion,29,pubmed:41758153
C8,deletion,30,arxiv:2605.11224
C8,deletion,31,arxiv:2608.07796
C8,deletion,32,arxiv:2606.03203
C8,deletion,33,arxiv:2601.22964
C8,deletion,34,arxiv:2609.38480
C8,deletion,35,arxiv:2510.24654
C8,deletion,36,arxiv:2509.19319
C8,deletion,37,arxiv:2606.02568
C8,deletion,38,arxiv:2512.23440
C8,deletion,39,arxiv:2603.14771
C8,deletion,40,arxiv:2608.30188
C8,deletion,41,arxiv:2605.02240
C8,deletion,42,arxiv:2602.05407
C8,deletion,43,arxiv:2607.08257
C8,deletion,44,arxiv:2607.25485
C8,deletion,45,arxiv:2609.30027
C8,decoy,1,arxiv:2606.28900
C8,decoy,2,arxiv:2607.08257
C8,decoy,3,arxiv:2405.07960
C8,decoy,4,arxiv:2603.24649
C8,decoy,5,arxiv:2509.23415
C8,decoy,6,arxiv:2503.22678
C8,decoy,7,arxiv:2601.08988
C8,decoy,8,arxiv:2603.14771
C8,decoy,9,arxiv:2607.25485
C8,decoy,10,arxiv:2606.05112
C8,decoy,11,arxiv:2601.19773
C8,decoy,12,arxiv:2601.23049
C8,decoy,13,arxiv:2606.11702
C8,decoy,14,arxiv:2601.22964
C8,decoy,15,arxiv:2606.18613
C8,decoy,16,arxiv:2608.07796
C8,decoy,17,arxiv:2602.05407
C8,decoy,18,arxiv:2512.10206
C8,decoy,19,arxiv:2605.02943
C8,decoy,20,arxiv:2609.33117
C8,decoy,21,arxiv:2608.30188
C8,decoy,22,arxiv:2609.39371
C8,decoy,23,arxiv:2501.14654
C8,decoy,24,arxiv:2609.38480
C8,decoy,25,arxiv:2606.31179
C8,decoy,26,arxiv:2605.09679
C8,decoy,27,arxiv:2510.10278
C8,decoy,28,arxiv:2605.09675
C8,decoy,29,arxiv:2512.23440
C8,decoy,30,arxiv:2605.21496
C8,decoy,31,arxiv:2604.14656
C8,decoy,32,arxiv:2410.17657
C8,decoy,33,arxiv:2609.30027
C8,decoy,34,arxiv:2605.11224
C8,decoy,35,pubmed:41758153
C8,decoy,36,arxiv:2510.24654
C8,decoy,37,arxiv:2606.23301
C8,decoy,38,arxiv:2606.03203
C8,decoy,39,arxiv:2412.09529
C8,decoy,40,pubmed:41727598
C8,decoy,41,arxiv:2509.19319
C8,decoy,42,arxiv:2605.02240
C8,decoy,43,arxiv:2511.20490
C8,decoy,44,arxiv:2604.26577
C8,decoy,45,arxiv:2606.02568
C9,inject,1,arxiv:2605.11224
C9,inject,2,arxiv:2511.20490
C9,inject,3,arxiv:2606.28900
C9,inject,4,arxiv:2606.02568
C9,inject,5,arxiv:2606.03203
C9,inject,6,arxiv:2605.21496
C9,inject,7,arxiv:2410.17657
C9,inject,8,arxiv:2609.38480
C9,inject,9,arxiv:2601.08988
C9,inject,10,arxiv:2501.14654
C9,inject,11,arxiv:2609.39371
C9,inject,12,arxiv:2606.31179
C9,inject,13,arxiv:2606.23301
C9,inject,14,arxiv:2608.30188
C9,inject,15,arxiv:2412.09529
C9,inject,16,arxiv:2405.07960
C9,inject,17,arxiv:2603.24649
C9,inject,18,arxiv:2601.22964
C9,inject,19,arxiv:2606.11702
C9,inject,20,arxiv:2510.24654
C9,inject,21,arxiv:2512.23440
C9,inject,22,arxiv:2604.26577
C9,inject,23,arxiv:2601.23049
C9,inject,24,arxiv:2609.30027
C9,inject,25,arxiv:2607.08257
C9,inject,26,arxiv:2605.02240
C9,inject,27,arxiv:2609.33117
C9,inject,28,arxiv:2601.19773
C9,inject,29,arxiv:2605.02943
C9,inject,30,arxiv:2606.05112
C9,inject,31,arxiv:2604.14656
C9,inject,32,arxiv:2509.23415
C9,inject,33,arxiv:2509.19319
C9,inject,34,arxiv:2605.09675
C9,inject,35,pubmed:41727598
C9,inject,36,arxiv:2606.18613
C9,inject,37,arxiv:2510.10278
C9,inject,38,arxiv:2603.14771
C9,inject,39,arxiv:2503.22678
C9,inject,40,arxiv:2602.05407
C9,inject,41,arxiv:2607.25485
C9,inject,42,arxiv:2608.07796
C9,inject,43,arxiv:2512.10206
C9,inject,44,arxiv:2605.09679
C9,inject,45,pubmed:41758153
C9,buried,1,arxiv:2601.08988
C9,buried,2,arxiv:2609.30027
C9,buried,3,arxiv:2607.25485
C9,buried,4,arxiv:2609.33117
C9,buried,5,arxiv:2605.02240
C9,buried,6,arxiv:2412.09529
C9,buried,7,arxiv:2606.02568
C9,buried,8,arxiv:2606.31179
C9,buried,9,arxiv:2607.08257
C9,buried,10,arxiv:2509.19319
C9,buried,11,arxiv:2510.10278
C9,buried,12,arxiv:2601.23049
C9,buried,13,arxiv:2512.23440
C9,buried,14,pubmed:41727598
C9,buried,15,arxiv:2606.18613
C9,buried,16,arxiv:2604.14656
C9,buried,17,arxiv:2605.09679
C9,buried,18,arxiv:2605.02943
C9,buried,19,arxiv:2606.05112
C9,buried,20,arxiv:2503.22678
C9,buried,21,arxiv:2511.20490
C9,buried,22,arxiv:2608.07796
C9,buried,23,arxiv:2605.09675
C9,buried,24,pubmed:41758153
C9,buried,25,arxiv:2602.05407
C9,buried,26,arxiv:2512.10206
C9,buried,27,arxiv:2606.03203
C9,buried,28,arxiv:2509.23415
C9,buried,29,arxiv:2603.14771
C9,buried,30,arxiv:2603.24649
C9,buried,31,arxiv:2605.21496
C9,buried,32,arxiv:2608.30188
C9,buried,33,arxiv:2604.26577
C9,buried,34,arxiv:2606.28900
C9,buried,35,arxiv:2606.11702
C9,buried,36,arxiv:2405.07960
C9,buried,37,arxiv:2410.17657
C9,buried,38,arxiv:2605.11224
C9,buried,39,arxiv:2609.38480
C9,buried,40,arxiv:2606.23301
C9,buried,41,arxiv:2601.19773
C9,buried,42,arxiv:2510.24654
C9,buried,43,arxiv:2601.22964
C9,buried,44,arxiv:2501.14654
C9,buried,45,arxiv:2609.39371
C9,paraphrase,1,arxiv:2503.22678
C9,paraphrase,2,pubmed:41758153
C9,paraphrase,3,arxiv:2509.19319
C9,paraphrase,4,arxiv:2601.08988
C9,paraphrase,5,arxiv:2609.30027
C9,paraphrase,6,arxiv:2606.05112
C9,paraphrase,7,arxiv:2608.07796
C9,paraphrase,8,arxiv:2605.02240
C9,paraphrase,9,arxiv:2603.14771
C9,paraphrase,10,arxiv:2501.14654
C9,paraphrase,11,arxiv:2609.38480
C9,paraphrase,12,arxiv:2607.08257
C9,paraphrase,13,arxiv:2608.30188
C9,paraphrase,14,arxiv:2606.02568
C9,paraphrase,15,arxiv:2412.09529
C9,paraphrase,16,arxiv:2607.25485
C9,paraphrase,17,arxiv:2509.23415
C9,paraphrase,18,arxiv:2605.11224
C9,paraphrase,19,arxiv:2605.09679
C9,paraphrase,20,arxiv:2601.19773
C9,paraphrase,21,arxiv:2601.22964
C9,paraphrase,22,arxiv:2605.09675
C9,paraphrase,23,arxiv:2609.39371
C9,paraphrase,24,arxiv:2602.05407
C9,paraphrase,25,arxiv:2604.14656
C9,paraphrase,26,arxiv:2606.03203
C9,paraphrase,27,arxiv:2609.33117
C9,paraphrase,28,arxiv:2604.26577
C9,paraphrase,29,arxiv:2512.23440
C9,paraphrase,30,arxiv:2512.10206
C9,paraphrase,31,pubmed:41727598
C9,paraphrase,32,arxiv:2601.23049
C9,paraphrase,33,arxiv:2605.21496
C9,paraphrase,34,arxiv:2510.10278
C9,paraphrase,35,arxiv:2405.07960
C9,paraphrase,36,arxiv:2606.18613
C9,paraphrase,37,arxiv:2606.31179
C9,paraphrase,38,arxiv:2606.28900
C9,paraphrase,39,arxiv:2410.17657
C9,paraphrase,40,arxiv:2605.02943
C9,paraphrase,41,arxiv:2603.24649
C9,paraphrase,42,arxiv:2510.24654
C9,paraphrase,43,arxiv:2606.23301
C9,paraphrase,44,arxiv:2606.11702
C9,paraphrase,45,arxiv:2511.20490
C9,deletion,1,arxiv:2603.24649
C9,deletion,2,arxiv:2602.05407
C9,deletion,3,arxiv:2606.18613
C9,deletion,4,arxiv:2608.07796
C9,deletion,5,arxiv:2606.23301
C9,deletion,6,arxiv:2412.09529
C9,deletion,7,arxiv:2604.14656
C9,deletion,8,arxiv:2605.21496
C9,deletion,9,arxiv:2605.09675
C9,deletion,10,arxiv:2605.02943
C9,deletion,11,arxiv:2510.24654
C9,deletion,12,arxiv:2605.02240
C9,deletion,13,arxiv:2601.08988
C9,deletion,14,arxiv:2608.30188
C9,deletion,15,arxiv:2609.33117
C9,deletion,16,arxiv:2606.05112
C9,deletion,17,arxiv:2609.39371
C9,deletion,18,arxiv:2511.20490
C9,deletion,19,arxiv:2410.17657
C9,deletion,20,arxiv:2603.14771
C9,deletion,21,arxiv:2405.07960
C9,deletion,22,arxiv:2512.23440
C9,deletion,23,arxiv:2607.08257
C9,deletion,24,arxiv:2509.23415
C9,deletion,25,arxiv:2503.22678
C9,deletion,26,arxiv:2509.19319
C9,deletion,27,arxiv:2606.28900
C9,deletion,28,arxiv:2606.11702
C9,deletion,29,arxiv:2601.19773
C9,deletion,30,arxiv:2609.30027
C9,deletion,31,arxiv:2512.10206
C9,deletion,32,arxiv:2605.09679
C9,deletion,33,arxiv:2607.25485
C9,deletion,34,arxiv:2601.22964
C9,deletion,35,arxiv:2606.31179
C9,deletion,36,arxiv:2606.02568
C9,deletion,37,arxiv:2601.23049
C9,deletion,38,pubmed:41758153
C9,deletion,39,arxiv:2604.26577
C9,deletion,40,arxiv:2609.38480
C9,deletion,41,pubmed:41727598
C9,deletion,42,arxiv:2501.14654
C9,deletion,43,arxiv:2510.10278
C9,deletion,44,arxiv:2605.11224
C9,deletion,45,arxiv:2606.03203
C9,decoy,1,arxiv:2512.23440
C9,decoy,2,arxiv:2606.05112
C9,decoy,3,arxiv:2604.14656
C9,decoy,4,arxiv:2608.07796
C9,decoy,5,arxiv:2606.18613
C9,decoy,6,arxiv:2603.14771
C9,decoy,7,arxiv:2604.26577
C9,decoy,8,arxiv:2606.11702
C9,decoy,9,arxiv:2601.23049
C9,decoy,10,arxiv:2410.17657
C9,decoy,11,arxiv:2605.21496
C9,decoy,12,arxiv:2609.33117
C9,decoy,13,arxiv:2606.23301
C9,decoy,14,arxiv:2609.39371
C9,decoy,15,arxiv:2607.25485
C9,decoy,16,arxiv:2603.24649
C9,decoy,17,arxiv:2412.09529
C9,decoy,18,arxiv:2608.30188
C9,decoy,19,arxiv:2606.28900
C9,decoy,20,arxiv:2602.05407
C9,decoy,21,arxiv:2609.30027
C9,decoy,22,arxiv:2605.09675
C9,decoy,23,arxiv:2510.10278
C9,decoy,24,arxiv:2606.31179
C9,decoy,25,arxiv:2607.08257
C9,decoy,26,arxiv:2609.38480
C9,decoy,27,arxiv:2405.07960
C9,decoy,28,arxiv:2510.24654
C9,decoy,29,arxiv:2503.22678
C9,decoy,30,arxiv:2509.23415
C9,decoy,31,arxiv:2511.20490
C9,decoy,32,arxiv:2601.22964
C9,decoy,33,arxiv:2601.08988
C9,decoy,34,arxiv:2509.19319
C9,decoy,35,arxiv:2606.03203
C9,decoy,36,pubmed:41727598
C9,decoy,37,arxiv:2601.19773
C9,decoy,38,pubmed:41758153
C9,decoy,39,arxiv:2605.11224
C9,decoy,40,arxiv:2605.02240
C9,decoy,41,arxiv:2605.02943
C9,decoy,42,arxiv:2501.14654
C9,decoy,43,arxiv:2605.09679
C9,decoy,44,arxiv:2606.02568
C9,decoy,45,arxiv:2512.10206
C10,inject,1,arxiv:2509.23415
C10,inject,2,arxiv:2609.30027
C10,inject,3,arxiv:2601.22964
C10,inject,4,arxiv:2606.02568
C10,inject,5,arxiv:2606.03203
C10,inject,6,arxiv:2405.07960
C10,inject,7,arxiv:2604.26577
C10,inject,8,arxiv:2501.14654
C10,inject,9,arxiv:2512.10206
C10,inject,10,arxiv:2605.09675
C10,inject,11,arxiv:2604.14656
C10,inject,12,arxiv:2606.23301
C10,inject,13,arxiv:2605.09679
C10,inject,14,arxiv:2412.09529
C10,inject,15,arxiv:2510.10278
C10,inject,16,arxiv:2606.28900
C10,inject,17,arxiv:2601.19773
C10,inject,18,arxiv:2606.31179
C10,inject,19,arxiv:2512.23440
C10,inject,20,pubmed:41727598
C10,inject,21,arxiv:2609.38480
C10,inject,22,arxiv:2603.24649
C10,inject,23,arxiv:2606.05112
C10,inject,24,arxiv:2607.08257
C10,inject,25,arxiv:2601.23049
C10,inject,26,arxiv:2509.19319
C10,inject,27,arxiv:2410.17657
C10,inject,28,arxiv:2603.14771
C10,inject,29,arxiv:2606.18613
C10,inject,30,arxiv:2608.30188
C10,inject,31,arxiv:2605.11224
C10,inject,32,arxiv:2510.24654
C10,inject,33,arxiv:2605.21496
C10,inject,34,arxiv:2609.39371
C10,inject,35,arxiv:2607.25485
C10,inject,36,pubmed:41758153
C10,inject,37,arxiv:2605.02943
C10,inject,38,arxiv:2608.07796
C10,inject,39,arxiv:2609.33117
C10,inject,40,arxiv:2606.11702
C10,inject,41,arxiv:2503.22678
C10,inject,42,arxiv:2511.20490
C10,inject,43,arxiv:2601.08988
C10,inject,44,arxiv:2605.02240
C10,inject,45,arxiv:2602.05407
C10,buried,1,arxiv:2607.25485
C10,buried,2,arxiv:2606.28900
C10,buried,3,arxiv:2603.24649
C10,buried,4,arxiv:2602.05407
C10,buried,5,arxiv:2605.02943
C10,buried,6,arxiv:2410.17657
C10,buried,7,arxiv:2510.10278
C10,buried,8,arxiv:2606.31179
C10,buried,9,arxiv:2607.08257
C10,buried,10,arxiv:2509.19319
C10,buried,11,arxiv:2601.19773
C10,buried,12,arxiv:2511.20490
C10,buried,13,arxiv:2604.26577
C10,buried,14,arxiv:2605.11224
C10,buried,15,arxiv:2601.23049
C10,buried,16,arxiv:2606.03203
C10,buried,17,arxiv:2512.23440
C10,buried,18,arxiv:2501.14654
C10,buried,19,arxiv:2601.22964
C10,buried,20,arxiv:2606.11702
C10,buried,21,pubmed:41758153
C10,buried,22,arxiv:2609.39371
C10,buried,23,arxiv:2609.30027
C10,buried,24,arxiv:2609.38480
C10,buried,25,arxiv:2608.07796
C10,buried,26,arxiv:2605.09675
C10,buried,27,arxiv:2606.05112
C10,buried,28,arxiv:2608.30188
C10,buried,29,arxiv:2509.23415
C10,buried,30,arxiv:2512.10206
C10,buried,31,arxiv:2503.22678
C10,buried,32,arxiv:2601.08988
C10,buried,33,arxiv:2605.09679
C10,buried,34,arxiv:2412.09529
C10,buried,35,arxiv:2606.18613
C10,buried,36,arxiv:2603.14771
C10,buried,37,pubmed:41727598
C10,buried,38,arxiv:2510.24654
C10,buried,39,arxiv:2405.07960
C10,buried,40,arxiv:2605.02240
C10,buried,41,arxiv:2609.33117
C10,buried,42,arxiv:2606.02568
C10,buried,43,arxiv:2604.14656
C10,buried,44,arxiv:2606.23301
C10,buried,45,arxiv:2605.21496
C10,paraphrase,1,arxiv:2509.19319
C10,paraphrase,2,arxiv:2604.14656
C10,paraphrase,3,arxiv:2608.30188
C10,paraphrase,4,arxiv:2606.03203
C10,paraphrase,5,arxiv:2605.21496
C10,paraphrase,6,arxiv:2605.09675
C10,paraphrase,7,arxiv:2410.17657
C10,paraphrase,8,arxiv:2601.19773
C10,paraphrase,9,arxiv:2607.25485
C10,paraphrase,10,arxiv:2510.10278
C10,paraphrase,11,arxiv:2510.24654
C10,paraphrase,12,arxiv:2511.20490
C10,paraphrase,13,arxiv:2603.24649
C10,paraphrase,14,arxiv:2602.05407
C10,paraphrase,15,arxiv:2606.28900
C10,paraphrase,16,arxiv:2609.30027
C10,paraphrase,17,arxiv:2512.23440
C10,paraphrase,18,arxiv:2405.07960
C10,paraphrase,19,arxiv:2601.22964
C10,paraphrase,20,arxiv:2605.02943
C10,paraphrase,21,arxiv:2512.10206
C10,paraphrase,22,arxiv:2509.23415
C10,paraphrase,23,arxiv:2501.14654
C10,paraphrase,24,arxiv:2607.08257
C10,paraphrase,25,arxiv:2412.09529
C10,paraphrase,26,arxiv:2606.18613
C10,paraphrase,27,arxiv:2606.02568
C10,paraphrase,28,arxiv:2608.07796
C10,paraphrase,29,arxiv:2606.31179
C10,paraphrase,30,arxiv:2603.14771
C10,paraphrase,31,arxiv:2606.23301
C10,paraphrase,32,arxiv:2605.09679
C10,paraphrase,33,arxiv:2609.33117
C10,paraphrase,34,pubmed:41727598
C10,paraphrase,35,arxiv:2601.08988
C10,paraphrase,36,arxiv:2604.26577
C10,paraphrase,37,arxiv:2503.22678
C10,paraphrase,38,arxiv:2609.38480
C10,paraphrase,39,pubmed:41758153
C10,paraphrase,40,arxiv:2609.39371
C10,paraphrase,41,arxiv:2601.23049
C10,paraphrase,42,arxiv:2605.02240
C10,paraphrase,43,arxiv:2605.11224
C10,paraphrase,44,arxiv:2606.11702
C10,paraphrase,45,arxiv:2606.05112
C10,deletion,1,arxiv:2605.02943
C10,deletion,2,arxiv:2605.02240
C10,deletion,3,arxiv:2606.18613
C10,deletion,4,arxiv:2604.26577
C10,deletion,5,arxiv:2606.11702
C10,deletion,6,arxiv:2606.23301
C10,deletion,7,arxiv:2603.24649
C10,deletion,8,arxiv:2605.09675
C10,deletion,9,arxiv:2606.28900
C10,deletion,10,arxiv:2605.11224
C10,deletion,11,arxiv:2606.05112
C10,deletion,12,pubmed:41727598
C10,deletion,13,arxiv:2606.03203
C10,deletion,14,arxiv:2503.22678
C10,deletion,15,arxiv:2609.38480
C10,deletion,16,arxiv:2601.19773
C10,deletion,17,arxiv:2609.33117
C10,deletion,18,arxiv:2410.17657
C10,deletion,19,arxiv:2512.23440
C10,deletion,20,arxiv:2604.14656
C10,deletion,21,arxiv:2405.07960
C10,deletion,22,arxiv:2607.08257
C10,deletion,23,arxiv:2605.09679
C10,deletion,24,arxiv:2412.09529
C10,deletion,25,arxiv:2608.30188
C10,deletion,26,arxiv:2509.19319
C10,deletion,27,arxiv:2601.22964
C10,deletion,28,arxiv:2601.23049
C10,deletion,29,arxiv:2509.23415
C10,deletion,30,arxiv:2510.10278
C10,deletion,31,arxiv:2609.39371
C10,deletion,32,arxiv:2510.24654
C10,deletion,33,arxiv:2501.14654
C10,deletion,34,arxiv:2609.30027
C10,deletion,35,arxiv:2606.31179
C10,deletion,36,arxiv:2605.21496
C10,deletion,37,arxiv:2512.10206
C10,deletion,38,arxiv:2602.05407
C10,deletion,39,arxiv:2608.07796
C10,deletion,40,arxiv:2606.02568
C10,deletion,41,arxiv:2511.20490
C10,deletion,42,arxiv:2601.08988
C10,deletion,43,arxiv:2607.25485
C10,deletion,44,pubmed:41758153
C10,deletion,45,arxiv:2603.14771
C10,decoy,1,arxiv:2603.14771
C10,decoy,2,pubmed:41758153
C10,decoy,3,arxiv:2601.08988
C10,decoy,4,arxiv:2606.05112
C10,decoy,5,arxiv:2607.25485
C10,decoy,6,arxiv:2606.23301
C10,decoy,7,arxiv:2603.24649
C10,decoy,8,arxiv:2601.23049
C10,decoy,9,arxiv:2410.17657
C10,decoy,10,arxiv:2605.11224
C10,decoy,11,arxiv:2510.10278
C10,decoy,12,arxiv:2605.09679
C10,decoy,13,pubmed:41727598
C10,decoy,14,arxiv:2510.24654
C10,decoy,15,arxiv:2606.28900
C10,decoy,16,arxiv:2405.07960
C10,decoy,17,arxiv:2501.14654
C10,decoy,18,arxiv:2609.33117
C10,decoy,19,arxiv:2605.02943
C10,decoy,20,arxiv:2606.11702
C10,decoy,21,arxiv:2609.30027
C10,decoy,22,arxiv:2605.21496
C10,decoy,23,arxiv:2606.03203
C10,decoy,24,arxiv:2512.23440
C10,decoy,25,arxiv:2601.19773
C10,decoy,26,arxiv:2602.05407
C10,decoy,27,arxiv:2605.09675
C10,decoy,28,arxiv:2606.02568
C10,decoy,29,arxiv:2509.23415
C10,decoy,30,arxiv:2512.10206
C10,decoy,31,arxiv:2511.20490
C10,decoy,32,arxiv:2605.02240
C10,decoy,33,arxiv:2503.22678
C10,decoy,34,arxiv:2604.14656
C10,decoy,35,arxiv:2606.18613
C10,decoy,36,arxiv:2609.38480
C10,decoy,37,arxiv:2607.08257
C10,decoy,38,arxiv:2608.07796
C10,decoy,39,arxiv:2601.22964
C10,decoy,40,arxiv:2509.19319
C10,decoy,41,arxiv:2609.39371
C10,decoy,42,arxiv:2606.31179
C10,decoy,43,arxiv:2604.26577
C10,decoy,44,arxiv:2608.30188
C10,decoy,45,arxiv:2412.09529
C11,inject,1,arxiv:2606.23301
C11,inject,2,pubmed:41758153
C11,inject,3,arxiv:2607.08257
C11,inject,4,arxiv:2606.05112
C11,inject,5,arxiv:2605.09675
C11,inject,6,arxiv:2609.39371
C11,inject,7,arxiv:2604.26577
C11,inject,8,arxiv:2602.05407
C11,inject,9,arxiv:2609.38480
C11,inject,10,arxiv:2509.23415
C11,inject,11,arxiv:2601.22964
C11,inject,12,arxiv:2603.14771
C11,inject,13,arxiv:2609.30027
C11,inject,14,arxiv:2606.18613
C11,inject,15,arxiv:2601.19773
C11,inject,16,arxiv:2605.09679
C11,inject,17,arxiv:2512.10206
C11,inject,18,arxiv:2606.11702
C11,inject,19,arxiv:2603.24649
C11,inject,20,arxiv:2405.07960
C11,inject,21,arxiv:2608.07796
C11,inject,22,arxiv:2605.21496
C11,inject,23,arxiv:2512.23440
C11,inject,24,arxiv:2601.08988
C11,inject,25,arxiv:2604.14656
C11,inject,26,arxiv:2606.28900
C11,inject,27,arxiv:2410.17657
C11,inject,28,arxiv:2605.11224
C11,inject,29,arxiv:2601.23049
C11,inject,30,arxiv:2605.02943
C11,inject,31,arxiv:2503.22678
C11,inject,32,arxiv:2511.20490
C11,inject,33,arxiv:2607.25485
C11,inject,34,arxiv:2609.33117
C11,inject,35,arxiv:2412.09529
C11,inject,36,arxiv:2606.03203
C11,inject,37,arxiv:2501.14654
C11,inject,38,arxiv:2605.02240
C11,inject,39,arxiv:2608.30188
C11,inject,40,arxiv:2606.02568
C11,inject,41,arxiv:2606.31179
C11,inject,42,arxiv:2510.24654
C11,inject,43,arxiv:2509.19319
C11,inject,44,arxiv:2510.10278
C11,inject,45,pubmed:41727598
C11,buried,1,arxiv:2509.19319
C11,buried,2,arxiv:2512.23440
C11,buried,3,arxiv:2503.22678
C11,buried,4,arxiv:2607.25485
C11,buried,5,pubmed:41727598
C11,buried,6,arxiv:2512.10206
C11,buried,7,arxiv:2412.09529
C11,buried,8,arxiv:2601.19773
C11,buried,9,arxiv:2603.14771
C11,buried,10,arxiv:2606.02568
C11,buried,11,arxiv:2606.23301
C11,buried,12,arxiv:2608.30188
C11,buried,13,arxiv:2609.38480
C11,buried,14,arxiv:2509.23415
C11,buried,15,arxiv:2605.21496
C11,buried,16,arxiv:2609.30027
C11,buried,17,arxiv:2605.02240
C11,buried,18,arxiv:2609.39371
C11,buried,19,arxiv:2601.08988
C11,buried,20,arxiv:2501.14654
C11,buried,21,arxiv:2510.24654
C11,buried,22,arxiv:2405.07960
C11,buried,23,arxiv:2410.17657
C11,buried,24,arxiv:2511.20490
C11,buried,25,arxiv:2604.14656
C11,buried,26,arxiv:2606.28900
C11,buried,27,arxiv:2510.10278
C11,buried,28,arxiv:2603.24649
C11,buried,29,arxiv:2605.09679
C11,buried,30,arxiv:2606.31179
C11,buried,31,arxiv:2606.18613
C11,buried,32,arxiv:2604.26577
C11,buried,33,arxiv:2601.23049
C11,buried,34,arxiv:2606.05112
C11,buried,35,arxiv:2602.05407
C11,buried,36,arxiv:2609.33117
C11,buried,37,pubmed:41758153
C11,buried,38,arxiv:2607.08257
C11,buried,39,arxiv:2605.02943
C11,buried,40,arxiv:2606.11702
C11,buried,41,arxiv:2601.22964
C11,buried,42,arxiv:2605.09675
C11,buried,43,arxiv:2608.07796
C11,buried,44,arxiv:2606.03203
C11,buried,45,arxiv:2605.11224
C11,paraphrase,1,arxiv:2606.23301
C11,paraphrase,2,arxiv:2609.38480
C11,paraphrase,3,arxiv:2501.14654
C11,paraphrase,4,arxiv:2605.02240
C11,paraphrase,5,arxiv:2606.11702
C11,paraphrase,6,arxiv:2605.02943
C11,paraphrase,7,arxiv:2607.25485
C11,paraphrase,8,arxiv:2606.03203
C11,paraphrase,9,arxiv:2609.30027
C11,paraphrase,10,pubmed:41727598
C11,paraphrase,11,arxiv:2410.17657
C11,paraphrase,12,arxiv:2606.18613
C11,paraphrase,13,arxiv:2511.20490
C11,paraphrase,14,arxiv:2605.11224
C11,paraphrase,15,arxiv:2606.28900
C11,paraphrase,16,arxiv:2608.07796
C11,paraphrase,17,arxiv:2605.21496
C11,paraphrase,18,arxiv:2412.09529
C11,paraphrase,19,arxiv:2608.30188
C11,paraphrase,20,arxiv:2512.10206
C11,paraphrase,21,arxiv:2512.23440
C11,paraphrase,22,arxiv:2601.08988
C11,paraphrase,23,arxiv:2602.05407
C11,paraphrase,24,arxiv:2604.26577
C11,paraphrase,25,arxiv:2601.19773
C11,paraphrase,26,arxiv:2509.23415
C11,paraphrase,27,arxiv:2405.07960
C11,paraphrase,28,arxiv:2509.19319
C11,paraphrase,29,arxiv:2609.33117
C11,paraphrase,30,arxiv:2606.05112
C11,paraphrase,31,arxiv:2605.09679
C11,paraphrase,32,arxiv:2603.24649
C11,paraphrase,33,arxiv:2604.14656
C11,paraphrase,34,arxiv:2510.10278
C11,paraphrase,35,arxiv:2606.02568
C11,paraphrase,36,arxiv:2601.22964
C11,paraphrase,37,arxiv:2606.31179
C11,paraphrase,38,arxiv:2601.23049
C11,paraphrase,39,arxiv:2607.08257
C11,paraphrase,40,arxiv:2510.24654
C11,paraphrase,41,arxiv:2605.09675
C11,paraphrase,42,pubmed:41758153
C11,paraphrase,43,arxiv:2503.22678
C11,paraphrase,44,arxiv:2603.14771
C11,paraphrase,45,arxiv:2609.39371
C11,deletion,1,arxiv:2608.30188
C11,deletion,2,arxiv:2608.07796
C11,deletion,3,arxiv:2606.18613
C11,deletion,4,arxiv:2603.14771
C11,deletion,5,arxiv:2605.02943
C11,deletion,6,arxiv:2405.07960
C11,deletion,7,arxiv:2607.08257
C11,deletion,8,arxiv:2509.19319
C11,deletion,9,arxiv:2609.30027
C11,deletion,10,arxiv:2501.14654
C11,deletion,11,arxiv:2503.22678
C11,deletion,12,pubmed:41758153
C11,deletion,13,arxiv:2510.24654
C11,deletion,14,arxiv:2602.05407
C11,deletion,15,arxiv:2601.08988
C11,deletion,16,arxiv:2606.11702
C11,deletion,17,arxiv:2606.31179
C11,deletion,18,arxiv:2604.14656
C11,deletion,19,arxiv:2605.09679
C11,deletion,20,arxiv:2609.33117
C11,deletion,21,arxiv:2606.23301
C11,deletion,22,arxiv:2609.38480
C11,deletion,23,arxiv:2605.21496
C11,deletion,24,arxiv:2604.26577
C11,deletion,25,arxiv:2605.11224
C11,deletion,26,arxiv:2607.25485
C11,deletion,27,arxiv:2512.10206
C11,deletion,28,arxiv:2510.10278
C11,deletion,29,arxiv:2509.23415
C11,deletion,30,arxiv:2605.02240
C11,deletion,31,arxiv:2410.17657
C11,deletion,32,arxiv:2601.22964
C11,deletion,33,arxiv:2605.09675
C11,deletion,34,arxiv:2412.09529
C11,deletion,35,arxiv:2609.39371
C11,deletion,36,arxiv:2606.03203
C11,deletion,37,arxiv:2606.02568
C11,deletion,38,arxiv:2601.19773
C11,deletion,39,arxiv:2606.05112
C11,deletion,40,arxiv:2511.20490
C11,deletion,41,pubmed:41727598
C11,deletion,42,arxiv:2601.23049
C11,deletion,43,arxiv:2606.28900
C11,deletion,44,arxiv:2603.24649
C11,deletion,45,arxiv:2512.23440
C11,decoy,1,arxiv:2412.09529
C11,decoy,2,arxiv:2512.23440
C11,decoy,3,arxiv:2609.33117
C11,decoy,4,arxiv:2608.30188
C11,decoy,5,arxiv:2605.11224
C11,decoy,6,arxiv:2606.23301
C11,decoy,7,arxiv:2606.18613
C11,decoy,8,arxiv:2509.19319
C11,decoy,9,arxiv:2511.20490
C11,decoy,10,arxiv:2603.14771
C11,decoy,11,arxiv:2604.26577
C11,decoy,12,arxiv:2607.08257
C11,decoy,13,arxiv:2607.25485
C11,decoy,14,pubmed:41758153
C11,decoy,15,arxiv:2405.07960
C11,decoy,16,arxiv:2604.14656
C11,decoy,17,arxiv:2609.39371
C11,decoy,18,arxiv:2410.17657
C11,decoy,19,arxiv:2601.08988
C11,decoy,20,arxiv:2603.24649
C11,decoy,21,arxiv:2510.10278
C11,decoy,22,arxiv:2510.24654
C11,decoy,23,arxiv:2601.22964
C11,decoy,24,arxiv:2601.19773
C11,decoy,25,arxiv:2501.14654
C11,decoy,26,arxiv:2606.05112
C11,decoy,27,pubmed:41727598
C11,decoy,28,arxiv:2512.10206
C11,decoy,29,arxiv:2606.03203
C11,decoy,30,arxiv:2606.31179
C11,decoy,31,arxiv:2606.02568
C11,decoy,32,arxiv:2606.28900
C11,decoy,33,arxiv:2601.23049
C11,decoy,34,arxiv:2605.09679
C11,decoy,35,arxiv:2609.30027
C11,decoy,36,arxiv:2606.11702
C11,decoy,37,arxiv:2605.21496
C11,decoy,38,arxiv:2602.05407
C11,decoy,39,arxiv:2609.38480
C11,decoy,40,arxiv:2605.09675
C11,decoy,41,arxiv:2608.07796
C11,decoy,42,arxiv:2605.02943
C11,decoy,43,arxiv:2509.23415
C11,decoy,44,arxiv:2605.02240
C11,decoy,45,arxiv:2503.22678
C12,inject,1,arxiv:2609.30027
C12,inject,2,arxiv:2412.09529
C12,inject,3,arxiv:2605.09675
C12,inject,4,arxiv:2606.31179
C12,inject,5,pubmed:41758153
C12,inject,6,arxiv:2605.09679
C12,inject,7,arxiv:2606.11702
C12,inject,8,arxiv:2603.14771
C12,inject,9,arxiv:2607.25485
C12,inject,10,arxiv:2602.05407
C12,inject,11,arxiv:2510.10278
C12,inject,12,arxiv:2605.11224
C12,inject,13,arxiv:2607.08257
C12,inject,14,arxiv:2601.22964
C12,inject,15,arxiv:2603.24649
C12,inject,16,arxiv:2604.14656
C12,inject,17,pubmed:41727598
C12,inject,18,arxiv:2511.20490
C12,inject,19,arxiv:2510.24654
C12,inject,20,arxiv:2601.23049
C12,inject,21,arxiv:2606.02568
C12,inject,22,arxiv:2609.33117
C12,inject,23,arxiv:2512.23440
C12,inject,24,arxiv:2601.19773
C12,inject,25,arxiv:2608.07796
C12,inject,26,arxiv:2509.19319
C12,inject,27,arxiv:2605.21496
C12,inject,28,arxiv:2410.17657
C12,inject,29,arxiv:2608.30188
C12,inject,30,arxiv:2501.14654
C12,inject,31,arxiv:2606.05112
C12,inject,32,arxiv:2604.26577
C12,inject,33,arxiv:2601.08988
C12,inject,34,arxiv:2606.28900
C12,inject,35,arxiv:2606.23301
C12,inject,36,arxiv:2405.07960
C12,inject,37,arxiv:2509.23415
C12,inject,38,arxiv:2605.02240
C12,inject,39,arxiv:2605.02943
C12,inject,40,arxiv:2503.22678
C12,inject,41,arxiv:2512.10206
C12,inject,42,arxiv:2609.38480
C12,inject,43,arxiv:2606.03203
C12,inject,44,arxiv:2609.39371
C12,inject,45,arxiv:2606.18613
C12,buried,1,arxiv:2605.09675
C12,buried,2,arxiv:2501.14654
C12,buried,3,arxiv:2601.19773
C12,buried,4,arxiv:2510.10278
C12,buried,5,arxiv:2410.17657
C12,buried,6,arxiv:2603.24649
C12,buried,7,arxiv:2609.39371
C12,buried,8,arxiv:2511.20490
C12,buried,9,arxiv:2601.08988
C12,buried,10,arxiv:2606.05112
C12,buried,11,arxiv:2608.07796
C12,buried,12,arxiv:2605.11224
C12,buried,13,arxiv:2605.02240
C12,buried,14,arxiv:2609.38480
C12,buried,15,arxiv:2606.23301
C12,buried,16,arxiv:2405.07960
C12,buried,17,arxiv:2606.02568
C12,buried,18,arxiv:2512.23440
C12,buried,19,arxiv:2510.24654
C12,buried,20,arxiv:2412.09529
C12,buried,21,arxiv:2604.26577
C12,buried,22,arxiv:2601.22964
C12,buried,23,arxiv:2606.11702
C12,buried,24,arxiv:2604.14656
C12,buried,25,arxiv:2606.18613
C12,buried,26,arxiv:2509.19319
C12,buried,27,arxiv:2605.21496
C12,buried,28,pubmed:41727598
C12,buried,29,arxiv:2603.14771
C12,buried,30,arxiv:2607.25485
C12,buried,31,arxiv:2602.05407
C12,buried,32,arxiv:2606.03203
C12,buried,33,pubmed:41758153
C12,buried,34,arxiv:2605.02943
C12,buried,35,arxiv:2606.28900
C12,buried,36,arxiv:2606.31179
C12,buried,37,arxiv:2512.10206
C12,buried,38,arxiv:2605.09679
C12,buried,39,arxiv:2607.08257
C12,buried,40,arxiv:2509.23415
C12,buried,41,arxiv:2608.30188
C12,buried,42,arxiv:2609.30027
C12,buried,43,arxiv:2503.22678
C12,buried,44,arxiv:2601.23049
C12,buried,45,arxiv:2609.33117
C12,paraphrase,1,pubmed:41727598
C12,paraphrase,2,arxiv:2606.11702
C12,paraphrase,3,arxiv:2601.23049
C12,paraphrase,4,arxiv:2607.08257
C12,paraphrase,5,arxiv:2509.23415
C12,paraphrase,6,arxiv:2608.07796
C12,paraphrase,7,arxiv:2605.11224
C12,paraphrase,8,arxiv:2601.22964
C12,paraphrase,9,arxiv:2606.05112
C12,paraphrase,10,arxiv:2510.10278
C12,paraphrase,11,arxiv:2511.20490
C12,paraphrase,12,arxiv:2412.09529
C12,paraphrase,13,arxiv:2604.14656
C12,paraphrase,14,arxiv:2512.10206
C12,paraphrase,15,arxiv:2509.19319
C12,paraphrase,16,arxiv:2501.14654
C12,paraphrase,17,arxiv:2606.18613
C12,paraphrase,18,arxiv:2603.14771
C12,paraphrase,19,arxiv:2609.33117
C12,paraphrase,20,arxiv:2510.24654
C12,paraphrase,21,arxiv:2607.25485
C12,paraphrase,22,arxiv:2603.24649
C12,paraphrase,23,arxiv:2605.09679
C12,paraphrase,24,arxiv:2606.31179
C12,paraphrase,25,arxiv:2606.28900
C12,paraphrase,26,arxiv:2601.19773
C12,paraphrase,27,pubmed:41758153
C12,paraphrase,28,arxiv:2605.09675
C12,paraphrase,29,arxiv:2606.03203
C12,paraphrase,30,arxiv:2606.02568
C12,paraphrase,31,arxiv:2608.30188
C12,paraphrase,32,arxiv:2605.02943
C12,paraphrase,33,arxiv:2405.07960
C12,paraphrase,34,arxiv:2410.17657
C12,paraphrase,35,arxiv:2605.02240
C12,paraphrase,36,arxiv:2512.23440
C12,paraphrase,37,arxiv:2609.30027
C12,paraphrase,38,arxiv:2503.22678
C12,paraphrase,39,arxiv:2602.05407
C12,paraphrase,40,arxiv:2609.39371
C12,paraphrase,41,arxiv:2601.08988
C12,paraphrase,42,arxiv:2604.26577
C12,paraphrase,43,arxiv:2606.23301
C12,paraphrase,44,arxiv:2609.38480
C12,paraphrase,45,arxiv:2605.21496
C12,deletion,1,arxiv:2606.11702
C12,deletion,2,arxiv:2512.10206
C12,deletion,3,arxiv:2412.09529
C12,deletion,4,arxiv:2602.05407
C12,deletion,5,arxiv:2605.11224
C12,deletion,6,arxiv:2603.24649
C12,deletion,7,arxiv:2511.20490
C12,deletion,8,arxiv:2601.22964
C12,deletion,9,arxiv:2606.23301
C12,deletion,10,arxiv:2606.05112
C12,deletion,11,pubmed:41758153
C12,deletion,12,arxiv:2601.19773
C12,deletion,13,arxiv:2605.09675
C12,deletion,14,arxiv:2501.14654
C12,deletion,15,arxiv:2604.14656
C12,deletion,16,arxiv:2605.02240
C12,deletion,17,arxiv:2510.10278
C12,deletion,18,arxiv:2606.18613
C12,deletion,19,arxiv:2608.07796
C12,deletion,20,arxiv:2509.19319
C12,deletion,21,arxiv:2405.07960
C12,deletion,22,arxiv:2605.09679
C12,deletion,23,arxiv:2512.23440
C12,deletion,24,arxiv:2606.28900
C12,deletion,25,arxiv:2609.33117
C12,deletion,26,arxiv:2601.23049
C12,deletion,27,arxiv:2410.17657
C12,deletion,28,arxiv:2607.08257
C12,deletion,29,arxiv:2604.26577
C12,deletion,30,pubmed:41727598
C12,deletion,31,arxiv:2609.39371
C12,deletion,32,arxiv:2603.14771
C12,deletion,33,arxiv:2601.08988
C12,deletion,34,arxiv:2607.25485
C12,deletion,35,arxiv:2606.02568
C12,deletion,36,arxiv:2509.23415
C12,deletion,37,arxiv:2503.22678
C12,deletion,38,arxiv:2605.02943
C12,deletion,39,arxiv:2605.21496
C12,deletion,40,arxiv:2510.24654
C12,deletion,41,arxiv:2608.30188
C12,deletion,42,arxiv:2606.03203
C12,deletion,43,arxiv:2609.38480
C12,deletion,44,arxiv:2609.30027
C12,deletion,45,arxiv:2606.31179
C12,decoy,1,arxiv:2412.09529
C12,decoy,2,arxiv:2606.28900
C12,decoy,3,arxiv:2609.30027
C12,decoy,4,arxiv:2601.22964
C12,decoy,5,arxiv:2605.09675
C12,decoy,6,arxiv:2609.38480
C12,decoy,7,arxiv:2510.10278
C12,decoy,8,arxiv:2606.11702
C12,decoy,9,arxiv:2602.05407
C12,decoy,10,arxiv:2605.21496
C12,decoy,11,arxiv:2604.26577
C12,decoy,12,arxiv:2604.14656
C12,decoy,13,arxiv:2606.18613
C12,decoy,14,arxiv:2605.11224
C12,decoy,15,arxiv:2603.24649
C12,decoy,16,arxiv:2512.10206
C12,decoy,17,arxiv:2605.09679
C12,decoy,18,arxiv:2605.02240
C12,decoy,19,arxiv:2511.20490
C12,decoy,20,arxiv:2601.08988
C12,decoy,21,arxiv:2603.14771
C12,decoy,22,pubmed:41758153
C12,decoy,23,arxiv:2512.23440
C12,decoy,24,arxiv:2608.07796
C12,decoy,25,arxiv:2606.03203
C12,decoy,26,arxiv:2606.31179
C12,decoy,27,arxiv:2605.02943
C12,decoy,28,arxiv:2601.23049
C12,decoy,29,arxiv:2509.23415
C12,decoy,30,arxiv:2503.22678
C12,decoy,31,arxiv:2501.14654
C12,decoy,32,arxiv:2607.08257
C12,decoy,33,arxiv:2608.30188
C12,decoy,34,arxiv:2405.07960
C12,decoy,35,arxiv:2606.23301
C12,decoy,36,arxiv:2609.39371
C12,decoy,37,arxiv:2410.17657
C12,decoy,38,pubmed:41727598
C12,decoy,39,arxiv:2601.19773
C12,decoy,40,arxiv:2509.19319
C12,decoy,41,arxiv:2607.25485
C12,decoy,42,arxiv:2606.05112
C12,decoy,43,arxiv:2609.33117
C12,decoy,44,arxiv:2510.24654
C12,decoy,45,arxiv:2606.02568
C13,inject,1,arxiv:2605.02943
C13,inject,2,arxiv:2604.14656
C13,inject,3,arxiv:2601.08988
C13,inject,4,arxiv:2510.24654
C13,inject,5,arxiv:2606.02568
C13,inject,6,pubmed:41727598
C13,inject,7,arxiv:2412.09529
C13,inject,8,arxiv:2606.03203
C13,inject,9,arxiv:2601.19773
C13,inject,10,arxiv:2606.28900
C13,inject,11,arxiv:2512.10206
C13,inject,12,arxiv:2606.23301
C13,inject,13,arxiv:2605.02240
C13,inject,14,arxiv:2512.23440
C13,inject,15,pubmed:41758153
C13,inject,16,arxiv:2511.20490
C13,inject,17,arxiv:2603.24649
C13,inject,18,arxiv:2509.19319
C13,inject,19,arxiv:2605.09679
C13,inject,20,arxiv:2609.39371
C13,inject,21,arxiv:2608.30188
C13,inject,22,arxiv:2604.26577
C13,inject,23,arxiv:2503.22678
C13,inject,24,arxiv:2601.23049
C13,inject,25,arxiv:2605.09675
C13,inject,26,arxiv:2606.18613
C13,inject,27,arxiv:2601.22964
C13,inject,28,arxiv:2606.11702
C13,inject,29,arxiv:2608.07796
C13,inject,30,arxiv:2607.25485
C13,inject,31,arxiv:2607.08257
C13,inject,32,arxiv:2603.14771
C13,inject,33,arxiv:2510.10278
C13,inject,34,arxiv:2605.11224
C13,inject,35,arxiv:2405.07960
C13,inject,36,arxiv:2501.14654
C13,inject,37,arxiv:2410.17657
C13,inject,38,arxiv:2509.23415
C13,inject,39,arxiv:2609.33117
C13,inject,40,arxiv:2606.05112
C13,inject,41,arxiv:2602.05407
C13,inject,42,arxiv:2605.21496
C13,inject,43,arxiv:2609.38480
C13,inject,44,arxiv:2609.30027
C13,inject,45,arxiv:2606.31179
C13,buried,1,arxiv:2510.24654
C13,buried,2,pubmed:41727598
C13,buried,3,arxiv:2602.05407
C13,buried,4,arxiv:2609.38480
C13,buried,5,arxiv:2607.08257
C13,buried,6,arxiv:2605.09675
C13,buried,7,arxiv:2509.19319
C13,buried,8,arxiv:2601.23049
C13,buried,9,arxiv:2605.11224
C13,buried,10,arxiv:2605.21496
C13,buried,11,arxiv:2605.02240
C13,buried,12,arxiv:2609.33117
C13,buried,13,arxiv:2604.26577
C13,buried,14,arxiv:2606.03203
C13,buried,15,arxiv:2608.30188
C13,buried,16,arxiv:2607.25485
C13,buried,17,arxiv:2601.19773
C13,buried,18,arxiv:2609.39371
C13,buried,19,arxiv:2405.07960
C13,buried,20,arxiv:2501.14654
C13,buried,21,arxiv:2601.08988
C13,buried,22,arxiv:2606.11702
C13,buried,23,arxiv:2603.14771
C13,buried,24,arxiv:2606.05112
C13,buried,25,arxiv:2609.30027
C13,buried,26,arxiv:2605.02943
C13,buried,27,arxiv:2510.10278
C13,buried,28,arxiv:2512.23440
C13,buried,29,arxiv:2606.28900
C13,buried,30,arxiv:2410.17657
C13,buried,31,arxiv:2503.22678
C13,buried,32,arxiv:2412.09529
C13,buried,33,arxiv:2605.09679
C13,buried,34,arxiv:2608.07796
C13,buried,35,arxiv:2606.02568
C13,buried,36,arxiv:2606.18613
C13,buried,37,arxiv:2606.31179
C13,buried,38,arxiv:2511.20490
C13,buried,39,arxiv:2606.23301
C13,buried,40,arxiv:2512.10206
C13,buried,41,arxiv:2603.24649
C13,buried,42,arxiv:2601.22964
C13,buried,43,arxiv:2509.23415
C13,buried,44,arxiv:2604.14656
C13,buried,45,pubmed:41758153
C13,paraphrase,1,arxiv:2606.23301
C13,paraphrase,2,arxiv:2605.02240
C13,paraphrase,3,arxiv:2606.11702
C13,paraphrase,4,arxiv:2604.14656
C13,paraphrase,5,arxiv:2609.30027
C13,paraphrase,6,arxiv:2511.20490
C13,paraphrase,7,arxiv:2509.23415
C13,paraphrase,8,arxiv:2501.14654
C13,paraphrase,9,arxiv:2607.08257
C13,paraphrase,10,arxiv:2608.07796
C13,paraphrase,11,arxiv:2503.22678
C13,paraphrase,12,arxiv:2605.09675
C13,paraphrase,13,arxiv:2601.19773
C13,paraphrase,14,arxiv:2606.05112
C13,paraphrase,15,arxiv:2609.33117
C13,paraphrase,16,arxiv:2405.07960
C13,paraphrase,17,arxiv:2603.24649
C13,paraphrase,18,arxiv:2606.02568
C13,paraphrase,19,pubmed:41727598
C13,paraphrase,20,arxiv:2512.10206
C13,paraphrase,21,arxiv:2605.21496
C13,paraphrase,22,arxiv:2510.24654
C13,paraphrase,23,arxiv:2412.09529
C13,paraphrase,24,pubmed:41758153
C13,paraphrase,25,arxiv:2609.39371
C13,paraphrase,26,arxiv:2510.10278
C13,paraphrase,27,arxiv:2604.26577
C13,paraphrase,28,arxiv:2608.30188
C13,paraphrase,29,arxiv:2609.38480
C13,paraphrase,30,arxiv:2603.14771
C13,paraphrase,31,arxiv:2606.28900
C13,paraphrase,32,arxiv:2509.19319
C13,paraphrase,33,arxiv:2606.31179
C13,paraphrase,34,arxiv:2606.18613
C13,paraphrase,35,arxiv:2605.09679
C13,paraphrase,36,arxiv:2601.22964
C13,paraphrase,37,arxiv:2410.17657
C13,paraphrase,38,arxiv:2602.05407
C13,paraphrase,39,arxiv:2512.23440
C13,paraphrase,40,arxiv:2605.11224
C13,paraphrase,41,arxiv:2607.25485
C13,paraphrase,42,arxiv:2601.08988
C13,paraphrase,43,arxiv:2606.03203
C13,paraphrase,44,arxiv:2601.23049
C13,paraphrase,45,arxiv:2605.02943
C13,deletion,1,arxiv:2510.10278
C13,deletion,2,arxiv:2606.28900
C13,deletion,3,arxiv:2607.25485
C13,deletion,4,arxiv:2503.22678
C13,deletion,5,arxiv:2601.08988
C13,deletion,6,arxiv:2603.14771
C13,deletion,7,arxiv:2606.05112
C13,deletion,8,arxiv:2509.19319
C13,deletion,9,arxiv:2509.23415
C13,deletion,10,arxiv:2605.02240
C13,deletion,11,arxiv:2501.14654
C13,deletion,12,arxiv:2510.24654
C13,deletion,13,arxiv:2405.07960
C13,deletion,14,arxiv:2601.23049
C13,deletion,15,arxiv:2605.02943
C13,deletion,16,arxiv:2412.09529
C13,deletion,17,arxiv:2601.19773
C13,deletion,18,arxiv:2609.38480
C13,deletion,19,arxiv:2606.11702
C13,deletion,20,arxiv:2609.39371
C13,deletion,21,arxiv:2410.17657
C13,deletion,22,arxiv:2512.23440
C13,deletion,23,pubmed:41727598
C13,deletion,24,arxiv:2605.09675
C13,deletion,25,arxiv:2604.14656
C13,deletion,26,arxiv:2603.24649
C13,deletion,27,arxiv:2604.26577
C13,deletion,28,arxiv:2606.31179
C13,deletion,29,arxiv:2602.05407
C13,deletion,30,arxiv:2609.30027
C13,deletion,31,arxiv:2609.33117
C13,deletion,32,arxiv:2605.21496
C13,deletion,33,arxiv:2606.18613
C13,deletion,34,arxiv:2606.23301
C13,deletion,35,arxiv:2601.22964
C13,deletion,36,arxiv:2608.30188
C13,deletion,37,arxiv:2511.20490
C13,deletion,38,pubmed:41758153
C13,deletion,39,arxiv:2606.03203
C13,deletion,40,arxiv:2608.07796
C13,deletion,41,arxiv:2605.11224
C13,deletion,42,arxiv:2607.08257
C13,deletion,43,arxiv:2606.02568
C13,deletion,44,arxiv:2605.09679
C13,deletion,45,arxiv:2512.10206
C13,decoy,1,arxiv:2606.18613
C13,decoy,2,arxiv:2608.07796
C13,decoy,3,arxiv:2605.21496
C13,decoy,4,arxiv:2606.11702
C13,decoy,5,arxiv:2609.30027
C13,decoy,6,pubmed:41727598
C13,decoy,7,arxiv:2605.09679
C13,decoy,8,arxiv:2605.02943
C13,decoy,9,arxiv:2606.31179
C13,decoy,10,arxiv:2510.10278
C13,decoy,11,arxiv:2512.23440
C13,decoy,12,arxiv:2412.09529
C13,decoy,13,pubmed:41758153
C13,decoy,14,arxiv:2608.30188
C13,decoy,15,arxiv:2509.19319
C13,decoy,16,arxiv:2604.14656
C13,decoy,17,arxiv:2501.14654
C13,decoy,18,arxiv:2605.09675
C13,decoy,19,arxiv:2410.17657
C13,decoy,20,arxiv:2601.19773
C13,decoy,21,arxiv:2609.38480
C13,decoy,22,arxiv:2606.02568
C13,decoy,23,arxiv:2606.03203
C13,decoy,24,arxiv:2603.24649
C13,decoy,25,arxiv:2510.24654
C13,decoy,26,arxiv:2607.08257
C13,decoy,27,arxiv:2601.23049
C13,decoy,28,arxiv:2405.07960
C13,decoy,29,arxiv:2606.23301
C13,decoy,30,arxiv:2603.14771
C13,decoy,31,arxiv:2604.26577
C13,decoy,32,arxiv:2503.22678
C13,decoy,33,arxiv:2605.11224
C13,decoy,34,arxiv:2509.23415
C13,decoy,35,arxiv:2601.08988
C13,decoy,36,arxiv:2607.25485
C13,decoy,37,arxiv:2609.39371
C13,decoy,38,arxiv:2601.22964
C13,decoy,39,arxiv:2605.02240
C13,decoy,40,arxiv:2606.05112
C13,decoy,41,arxiv:2606.28900
C13,decoy,42,arxiv:2512.10206
C13,decoy,43,arxiv:2602.05407
C13,decoy,44,arxiv:2609.33117
C13,decoy,45,arxiv:2511.20490
C14,inject,1,arxiv:2603.14771
C14,inject,2,arxiv:2609.33117
C14,inject,3,arxiv:2601.23049
C14,inject,4,arxiv:2609.39371
C14,inject,5,arxiv:2606.23301
C14,inject,6,arxiv:2512.23440
C14,inject,7,arxiv:2606.18613
C14,inject,8,arxiv:2601.19773
C14,inject,9,arxiv:2607.08257
C14,inject,10,arxiv:2606.05112
C14,inject,11,arxiv:2607.25485
C14,inject,12,arxiv:2510.24654
C14,inject,13,arxiv:2412.09529
C14,inject,14,arxiv:2606.31179
C14,inject,15,arxiv:2605.11224
C14,inject,16,arxiv:2608.30188
C14,inject,17,arxiv:2604.14656
C14,inject,18,arxiv:2603.24649
C14,inject,19,arxiv:2601.22964
C14,inject,20,arxiv:2609.30027
C14,inject,21,arxiv:2606.03203
C14,inject,22,arxiv:2512.10206
C14,inject,23,arxiv:2606.28900
C14,inject,24,arxiv:2509.23415
C14,inject,25,arxiv:2604.26577
C14,inject,26,arxiv:2605.09675
C14,inject,27,arxiv:2605.09679
C14,inject,28,arxiv:2608.07796
C14,inject,29,arxiv:2501.14654
C14,inject,30,arxiv:2509.19319
C14,inject,31,arxiv:2503.22678
C14,inject,32,arxiv:2609.38480
C14,inject,33,arxiv:2602.05407
C14,inject,34,arxiv:2601.08988
C14,inject,35,arxiv:2605.02943
C14,inject,36,arxiv:2510.10278
C14,inject,37,arxiv:2606.11702
C14,inject,38,arxiv:2410.17657
C14,inject,39,arxiv:2511.20490
C14,inject,40,arxiv:2606.02568
C14,inject,41,arxiv:2405.07960
C14,inject,42,arxiv:2605.02240
C14,inject,43,arxiv:2605.21496
C14,inject,44,pubmed:41758153
C14,inject,45,pubmed:41727598
C14,buried,1,arxiv:2510.24654
C14,buried,2,arxiv:2608.30188
C14,buried,3,arxiv:2501.14654
C14,buried,4,arxiv:2606.03203
C14,buried,5,arxiv:2512.10206
C14,buried,6,arxiv:2512.23440
C14,buried,7,arxiv:2606.23301
C14,buried,8,arxiv:2607.08257
C14,buried,9,arxiv:2410.17657
C14,buried,10,arxiv:2605.09679
C14,buried,11,arxiv:2605.11224
C14,buried,12,arxiv:2603.24649
C14,buried,13,arxiv:2605.21496
C14,buried,14,arxiv:2606.02568
C14,buried,15,arxiv:2604.26577
C14,buried,16,arxiv:2602.05407
C14,buried,17,arxiv:2605.09675
C14,buried,18,arxiv:2606.31179
C14,buried,19,arxiv:2606.11702
C14,buried,20,arxiv:2510.10278
C14,buried,21,arxiv:2601.08988
C14,buried,22,arxiv:2607.25485
C14,buried,23,arxiv:2509.19319
C14,buried,24,arxiv:2601.19773
C14,buried,25,pubmed:41727598
C14,buried,26,arxiv:2503.22678
C14,buried,27,arxiv:2603.14771
C14,buried,28,arxiv:2608.07796
C14,buried,29,arxiv:2609.39371
C14,buried,30,arxiv:2511.20490
C14,buried,31,arxiv:2604.14656
C14,buried,32,arxiv:2405.07960
C14,buried,33,arxiv:2609.30027
C14,buried,34,arxiv:2609.38480
C14,buried,35,arxiv:2606.18613
C14,buried,36,arxiv:2606.05112
C14,buried,37,arxiv:2605.02240
C14,buried,38,pubmed:41758153
C14,buried,39,arxiv:2509.23415
C14,buried,40,arxiv:2606.28900
C14,buried,41,arxiv:2609.33117
C14,buried,42,arxiv:2412.09529
C14,buried,43,arxiv:2601.22964
C14,buried,44,arxiv:2605.02943
C14,buried,45,arxiv:2601.23049
C14,paraphrase,1,arxiv:2605.02240
C14,paraphrase,2,arxiv:2602.05407
C14,paraphrase,3,arxiv:2503.22678
C14,paraphrase,4,arxiv:2604.14656
C14,paraphrase,5,arxiv:2606.28900
C14,paraphrase,6,arxiv:2608.30188
C14,paraphrase,7,arxiv:2405.07960
C14,paraphrase,8,arxiv:2606.31179
C14,paraphrase,9,arxiv:2601.08988
C14,paraphrase,10,arxiv:2605.09675
C14,paraphrase,11,arxiv:2509.19319
C14,paraphrase,12,arxiv:2601.23049
C14,paraphrase,13,arxiv:2605.02943
C14,paraphrase,14,arxiv:2410.17657
C14,paraphrase,15,arxiv:2603.14771
C14,paraphrase,16,arxiv:2609.38480
C14,paraphrase,17,arxiv:2606.02568
C14,paraphrase,18,arxiv:2511.20490
C14,paraphrase,19,arxiv:2512.10206
C14,paraphrase,20,arxiv:2601.19773
C14,paraphrase,21,pubmed:41758153
C14,paraphrase,22,arxiv:2606.11702
C14,paraphrase,23,arxiv:2607.25485
C14,paraphrase,24,arxiv:2509.23415
C14,paraphrase,25,arxiv:2609.30027
C14,paraphrase,26,arxiv:2609.39371
C14,paraphrase,27,arxiv:2604.26577
C14,paraphrase,28,arxiv:2512.23440
C14,paraphrase,29,arxiv:2606.23301
C14,paraphrase,30,arxiv:2605.09679
C14,paraphrase,31,arxiv:2609.33117
C14,paraphrase,32,arxiv:2606.18613
C14,paraphrase,33,arxiv:2510.10278
C14,paraphrase,34,arxiv:2606.03203
C14,paraphrase,35,pubmed:41727598
C14,paraphrase,36,arxiv:2607.08257
C14,paraphrase,37,arxiv:2605.11224
C14,paraphrase,38,arxiv:2606.05112
C14,paraphrase,39,arxiv:2510.24654
C14,paraphrase,40,arxiv:2608.07796
C14,paraphrase,41,arxiv:2603.24649
C14,paraphrase,42,arxiv:2501.14654
C14,paraphrase,43,arxiv:2601.22964
C14,paraphrase,44,arxiv:2412.09529
C14,paraphrase,45,arxiv:2605.21496
C14,deletion,1,arxiv:2602.05407
C14,deletion,2,arxiv:2601.19773
C14,deletion,3,arxiv:2608.07796
C14,deletion,4,arxiv:2511.20490
C14,deletion,5,arxiv:2601.22964
C14,deletion,6,arxiv:2604.26577
C14,deletion,7,arxiv:2605.02240
C14,deletion,8,arxiv:2509.19319
C14,deletion,9,arxiv:2605.21496
C14,deletion,10,arxiv:2606.31179
C14,deletion,11,arxiv:2607.25485
C14,deletion,12,pubmed:41727598
C14,deletion,13,arxiv:2405.07960
C14,deletion,14,arxiv:2606.05112
C14,deletion,15,arxiv:2512.10206
C14,deletion,16,arxiv:2601.23049
C14,deletion,17,arxiv:2606.28900
C14,deletion,18,arxiv:2509.23415
C14,deletion,19,arxiv:2412.09529
C14,deletion,20,arxiv:2510.24654
C14,deletion,21,arxiv:2605.09675
C14,deletion,22,arxiv:2605.09679
C14,deletion,23,arxiv:2608.30188
C14,deletion,24,arxiv:2510.10278
C14,deletion,25,arxiv:2606.03203
C14,deletion,26,arxiv:2609.38480
C14,deletion,27,arxiv:2609.33117
C14,deletion,28,arxiv:2605.02943
C14,deletion,29,arxiv:2603.14771
C14,deletion,30,arxiv:2603.24649
C14,deletion,31,arxiv:2512.23440
C14,deletion,32,arxiv:2503.22678
C14,deletion,33,arxiv:2601.08988
C14,deletion,34,arxiv:2607.08257
C14,deletion,35,arxiv:2609.30027
C14,deletion,36,arxiv:2605.11224
C14,deletion,37,arxiv:2410.17657
C14,deletion,38,arxiv:2606.11702
C14,deletion,39,arxiv:2609.39371
C14,deletion,40,arxiv:2606.23301
C14,deletion,41,arxiv:2501.14654
C14,deletion,42,arxiv:2606.02568
C14,deletion,43,arxiv:2606.18613
C14,deletion,44,arxiv:2604.14656
C14,deletion,45,pubmed:41758153
C14,decoy,1,arxiv:2601.23049
C14,decoy,2,arxiv:2603.24649
C14,decoy,3,arxiv:2606.11702
C14,decoy,4,arxiv:2511.20490
C14,decoy,5,arxiv:2510.10278
C14,decoy,6,arxiv:2410.17657
C14,decoy,7,arxiv:2609.33117
C14,decoy,8,arxiv:2609.39371
C14,decoy,9,arxiv:2605.09675
C14,decoy,10,arxiv:2606.23301
C14,decoy,11,arxiv:2601.19773
C14,decoy,12,arxiv:2605.02240
C14,decoy,13,arxiv:2606.31179
C14,decoy,14,arxiv:2512.10206
C14,decoy,15,arxiv:2604.26577
C14,decoy,16,arxiv:2603.14771
C14,decoy,17,arxiv:2607.08257
C14,decoy,18,arxiv:2609.30027
C14,decoy,19,arxiv:2606.18613
C14,decoy,20,arxiv:2503.22678
C14,decoy,21,arxiv:2501.14654
C14,decoy,22,arxiv:2606.28900
C14,decoy,23,arxiv:2405.07960
C14,decoy,24,arxiv:2604.14656
C14,decoy,25,arxiv:2608.30188
C14,decoy,26,arxiv:2606.05112
C14,decoy,27,arxiv:2606.02568
C14,decoy,28,pubmed:41727598
C14,decoy,29,arxiv:2412.09529
C14,decoy,30,arxiv:2605.02943
C14,decoy,31,arxiv:2601.22964
C14,decoy,32,arxiv:2609.38480
C14,decoy,33,arxiv:2509.23415
C14,decoy,34,arxiv:2510.24654
C14,decoy,35,arxiv:2602.05407
C14,decoy,36,pubmed:41758153
C14,decoy,37,arxiv:2608.07796
C14,decoy,38,arxiv:2509.19319
C14,decoy,39,arxiv:2607.25485
C14,decoy,40,arxiv:2512.23440
C14,decoy,41,arxiv:2605.09679
C14,decoy,42,arxiv:2601.08988
C14,decoy,43,arxiv:2605.11224
C14,decoy,44,arxiv:2605.21496
C14,decoy,45,arxiv:2606.03203
A1,inject,1,arxiv:2608.30188
A1,inject,2,arxiv:2607.25485
A1,inject,3,arxiv:2607.08257
A1,inject,4,pubmed:41758153
A1,inject,5,arxiv:2512.23440
A1,inject,6,arxiv:2602.05407
A1,inject,7,arxiv:2603.24649
A1,inject,8,arxiv:2405.07960
A1,inject,9,arxiv:2511.20490
A1,inject,10,arxiv:2601.23049
A1,inject,11,arxiv:2604.26577
A1,inject,12,arxiv:2606.23301
A1,inject,13,arxiv:2609.33117
A1,inject,14,arxiv:2501.14654
A1,inject,15,arxiv:2605.02240
A1,inject,16,arxiv:2605.21496
A1,inject,17,arxiv:2601.08988
A1,inject,18,arxiv:2512.10206
A1,inject,19,arxiv:2605.09675
A1,inject,20,arxiv:2510.24654
A1,inject,21,arxiv:2606.28900
A1,inject,22,arxiv:2604.14656
A1,inject,23,arxiv:2509.19319
A1,inject,24,arxiv:2609.38480
A1,inject,25,arxiv:2410.17657
A1,inject,26,arxiv:2606.31179
A1,inject,27,arxiv:2605.09679
A1,inject,28,arxiv:2606.02568
A1,inject,29,arxiv:2503.22678
A1,inject,30,arxiv:2603.14771
A1,inject,31,arxiv:2606.05112
A1,inject,32,arxiv:2601.22964
A1,inject,33,arxiv:2509.23415
A1,inject,34,arxiv:2609.30027
A1,inject,35,arxiv:2608.07796
A1,inject,36,arxiv:2605.11224
A1,inject,37,arxiv:2609.39371
A1,inject,38,arxiv:2605.02943
A1,inject,39,arxiv:2606.03203
A1,inject,40,pubmed:41727598
A1,inject,41,arxiv:2412.09529
A1,inject,42,arxiv:2510.10278
A1,inject,43,arxiv:2606.11702
A1,inject,44,arxiv:2606.18613
A1,inject,45,arxiv:2601.19773
A1,buried,1,arxiv:2607.08257
A1,buried,2,arxiv:2606.31179
A1,buried,3,arxiv:2606.02568
A1,buried,4,arxiv:2605.21496
A1,buried,5,arxiv:2503.22678
A1,buried,6,arxiv:2601.22964
A1,buried,7,arxiv:2603.24649
A1,buried,8,arxiv:2509.19319
A1,buried,9,arxiv:2606.23301
A1,buried,10,arxiv:2412.09529
A1,buried,11,arxiv:2601.08988
A1,buried,12,arxiv:2501.14654
A1,buried,13,arxiv:2605.02240
A1,buried,14,arxiv:2512.10206
A1,buried,15,arxiv:2609.39371
A1,buried,16,arxiv:2510.24654
A1,buried,17,arxiv:2609.33117
A1,buried,18,arxiv:2606.03203
A1,buried,19,arxiv:2605.09679
A1,buried,20,pubmed:41758153
A1,buried,21,arxiv:2606.11702
A1,buried,22,arxiv:2510.10278
A1,buried,23,arxiv:2606.18613
A1,buried,24,arxiv:2606.05112
A1,buried,25,arxiv:2601.23049
A1,buried,26,pubmed:41727598
A1,buried,27,arxiv:2602.05407
A1,buried,28,arxiv:2607.25485
A1,buried,29,arxiv:2509.23415
A1,buried,30,arxiv:2604.14656
A1,buried,31,arxiv:2609.30027
A1,buried,32,arxiv:2605.02943
A1,buried,33,arxiv:2605.09675
A1,buried,34,arxiv:2512.23440
A1,buried,35,arxiv:2609.38480
A1,buried,36,arxiv:2511.20490
A1,buried,37,arxiv:2405.07960
A1,buried,38,arxiv:2608.07796
A1,buried,39,arxiv:2603.14771
A1,buried,40,arxiv:2608.30188
A1,buried,41,arxiv:2605.11224
A1,buried,42,arxiv:2606.28900
A1,buried,43,arxiv:2604.26577
A1,buried,44,arxiv:2601.19773
A1,buried,45,arxiv:2410.17657
A1,paraphrase,1,arxiv:2603.24649
A1,paraphrase,2,arxiv:2606.03203
A1,paraphrase,3,pubmed:41727598
A1,paraphrase,4,arxiv:2606.02568
A1,paraphrase,5,arxiv:2605.09679
A1,paraphrase,6,arxiv:2605.11224
A1,paraphrase,7,arxiv:2410.17657
A1,paraphrase,8,arxiv:2606.11702
A1,paraphrase,9,arxiv:2606.05112
A1,paraphrase,10,arxiv:2405.07960
A1,paraphrase,11,arxiv:2607.08257
A1,paraphrase,12,arxiv:2609.39371
A1,paraphrase,13,arxiv:2501.14654
A1,paraphrase,14,arxiv:2606.31179
A1,paraphrase,15,pubmed:41758153
A1,paraphrase,16,arxiv:2605.02943
A1,paraphrase,17,arxiv:2604.26577
A1,paraphrase,18,arxiv:2607.25485
A1,paraphrase,19,arxiv:2503.22678
A1,paraphrase,20,arxiv:2605.09675
A1,paraphrase,21,arxiv:2609.33117
A1,paraphrase,22,arxiv:2512.23440
A1,paraphrase,23,arxiv:2512.10206
A1,paraphrase,24,arxiv:2601.23049
A1,paraphrase,25,arxiv:2510.10278
A1,paraphrase,26,arxiv:2609.38480
A1,paraphrase,27,arxiv:2602.05407
A1,paraphrase,28,arxiv:2412.09529
A1,paraphrase,29,arxiv:2509.23415
A1,paraphrase,30,arxiv:2601.22964
A1,paraphrase,31,arxiv:2601.19773
A1,paraphrase,32,arxiv:2511.20490
A1,paraphrase,33,arxiv:2601.08988
A1,paraphrase,34,arxiv:2509.19319
A1,paraphrase,35,arxiv:2510.24654
A1,paraphrase,36,arxiv:2605.21496
A1,paraphrase,37,arxiv:2606.28900
A1,paraphrase,38,arxiv:2608.30188
A1,paraphrase,39,arxiv:2604.14656
A1,paraphrase,40,arxiv:2606.23301
A1,paraphrase,41,arxiv:2608.07796
A1,paraphrase,42,arxiv:2605.02240
A1,paraphrase,43,arxiv:2603.14771
A1,paraphrase,44,arxiv:2609.30027
A1,paraphrase,45,arxiv:2606.18613
A1,deletion,1,arxiv:2606.23301
A1,deletion,2,arxiv:2503.22678
A1,deletion,3,arxiv:2510.10278
A1,deletion,4,arxiv:2607.25485
A1,deletion,5,arxiv:2606.05112
A1,deletion,6,arxiv:2606.02568
A1,deletion,7,arxiv:2410.17657
A1,deletion,8,arxiv:2512.23440
A1,deletion,9,arxiv:2608.30188
A1,deletion,10,arxiv:2606.31179
A1,deletion,11,arxiv:2605.21496
A1,deletion,12,arxiv:2606.11702
A1,deletion,13,arxiv:2604.26577
A1,deletion,14,arxiv:2607.08257
A1,deletion,15,arxiv:2601.23049
A1,deletion,16,arxiv:2605.11224
A1,deletion,17,arxiv:2606.18613
A1,deletion,18,arxiv:2601.08988
A1,deletion,19,arxiv:2511.20490
A1,deletion,20,arxiv:2412.09529
A1,deletion,21,arxiv:2601.19773
A1,deletion,22,arxiv:2405.07960
A1,deletion,23,arxiv:2512.10206
A1,deletion,24,arxiv:2605.09675
A1,deletion,25,arxiv:2501.14654
A1,deletion,26,arxiv:2605.09679
A1,deletion,27,arxiv:2609.30027
A1,deletion,28,arxiv:2605.02943
A1,deletion,29,arxiv:2609.33117
A1,deletion,30,pubmed:41727598
A1,deletion,31,arxiv:2609.39371
A1,deletion,32,arxiv:2603.14771
A1,deletion,33,arxiv:2609.38480
A1,deletion,34,arxiv:2605.02240
A1,deletion,35,arxiv:2509.19319
A1,deletion,36,arxiv:2604.14656
A1,deletion,37,arxiv:2602.05407
A1,deletion,38,arxiv:2606.03203
A1,deletion,39,arxiv:2509.23415
A1,deletion,40,arxiv:2608.07796
A1,deletion,41,arxiv:2510.24654
A1,deletion,42,arxiv:2601.22964
A1,deletion,43,arxiv:2606.28900
A1,deletion,44,arxiv:2603.24649
A1,deletion,45,pubmed:41758153
A1,decoy,1,arxiv:2608.30188
A1,decoy,2,arxiv:2503.22678
A1,decoy,3,arxiv:2606.02568
A1,decoy,4,arxiv:2603.14771
A1,decoy,5,arxiv:2509.19319
A1,decoy,6,arxiv:2509.23415
A1,decoy,7,arxiv:2605.21496
A1,decoy,8,pubmed:41727598
A1,decoy,9,arxiv:2602.05407
A1,decoy,10,arxiv:2606.18613
A1,decoy,11,arxiv:2605.09675
A1,decoy,12,arxiv:2606.28900
A1,decoy,13,arxiv:2601.08988
A1,decoy,14,arxiv:2606.31179
A1,decoy,15,arxiv:2605.09679
A1,decoy,16,arxiv:2605.02240
A1,decoy,17,arxiv:2405.07960
A1,decoy,18,arxiv:2607.08257
A1,decoy,19,arxiv:2604.26577
A1,decoy,20,arxiv:2606.11702
A1,decoy,21,pubmed:41758153
A1,decoy,22,arxiv:2601.23049
A1,decoy,23,arxiv:2511.20490
A1,decoy,24,arxiv:2608.07796
A1,decoy,25,arxiv:2607.25485
A1,decoy,26,arxiv:2410.17657
A1,decoy,27,arxiv:2510.24654
A1,decoy,28,arxiv:2501.14654
A1,decoy,29,arxiv:2604.14656
A1,decoy,30,arxiv:2609.30027
A1,decoy,31,arxiv:2512.23440
A1,decoy,32,arxiv:2512.10206
A1,decoy,33,arxiv:2609.38480
A1,decoy,34,arxiv:2412.09529
A1,decoy,35,arxiv:2606.05112
A1,decoy,36,arxiv:2605.11224
A1,decoy,37,arxiv:2606.23301
A1,decoy,38,arxiv:2605.02943
A1,decoy,39,arxiv:2510.10278
A1,decoy,40,arxiv:2601.19773
A1,decoy,41,arxiv:2601.22964
A1,decoy,42,arxiv:2609.33117
A1,decoy,43,arxiv:2603.24649
A1,decoy,44,arxiv:2609.39371
A1,decoy,45,arxiv:2606.03203
A2,inject,1,arxiv:2609.30027
A2,inject,2,arxiv:2604.14656
A2,inject,3,arxiv:2604.26577
A2,inject,4,arxiv:2601.19773
A2,inject,5,arxiv:2601.08988
A2,inject,6,arxiv:2606.18613
A2,inject,7,arxiv:2602.05407
A2,inject,8,arxiv:2606.11702
A2,inject,9,arxiv:2609.33117
A2,inject,10,arxiv:2609.38480
A2,inject,11,arxiv:2603.24649
A2,inject,12,arxiv:2605.02943
A2,inject,13,arxiv:2608.30188
A2,inject,14,arxiv:2410.17657
A2,inject,15,pubmed:41727598
A2,inject,16,arxiv:2606.05112
A2,inject,17,arxiv:2603.14771
A2,inject,18,pubmed:41758153
A2,inject,19,arxiv:2510.10278
A2,inject,20,arxiv:2509.23415
A2,inject,21,arxiv:2606.31179
A2,inject,22,arxiv:2605.09679
A2,inject,23,arxiv:2606.28900
A2,inject,24,arxiv:2609.39371
A2,inject,25,arxiv:2605.02240
A2,inject,26,arxiv:2412.09529
A2,inject,27,arxiv:2501.14654
A2,inject,28,arxiv:2608.07796
A2,inject,29,arxiv:2510.24654
A2,inject,30,arxiv:2606.02568
A2,inject,31,arxiv:2607.25485
A2,inject,32,arxiv:2601.23049
A2,inject,33,arxiv:2512.10206
A2,inject,34,arxiv:2605.11224
A2,inject,35,arxiv:2605.09675
A2,inject,36,arxiv:2606.03203
A2,inject,37,arxiv:2601.22964
A2,inject,38,arxiv:2607.08257
A2,inject,39,arxiv:2512.23440
A2,inject,40,arxiv:2509.19319
A2,inject,41,arxiv:2606.23301
A2,inject,42,arxiv:2605.21496
A2,inject,43,arxiv:2503.22678
A2,inject,44,arxiv:2511.20490
A2,inject,45,arxiv:2405.07960
A2,buried,1,arxiv:2405.07960
A2,buried,2,arxiv:2601.08988
A2,buried,3,arxiv:2510.24654
A2,buried,4,pubmed:41758153
A2,buried,5,arxiv:2606.18613
A2,buried,6,arxiv:2608.30188
A2,buried,7,arxiv:2608.07796
A2,buried,8,arxiv:2609.38480
A2,buried,9,arxiv:2512.23440
A2,buried,10,arxiv:2603.24649
A2,buried,11,arxiv:2605.02240
A2,buried,12,arxiv:2609.33117
A2,buried,13,arxiv:2606.28900
A2,buried,14,arxiv:2503.22678
A2,buried,15,arxiv:2501.14654
A2,buried,16,arxiv:2510.10278
A2,buried,17,arxiv:2606.03203
A2,buried,18,arxiv:2607.08257
A2,buried,19,arxiv:2603.14771
A2,buried,20,arxiv:2605.09679
A2,buried,21,arxiv:2604.14656
A2,buried,22,arxiv:2605.11224
A2,buried,23,arxiv:2511.20490
A2,buried,24,arxiv:2605.21496
A2,buried,25,arxiv:2512.10206
A2,buried,26,arxiv:2410.17657
A2,buried,27,pubmed:41727598
A2,buried,28,arxiv:2605.09675
A2,buried,29,arxiv:2606.31179
A2,buried,30,arxiv:2509.23415
A2,buried,31,arxiv:2601.23049
A2,buried,32,arxiv:2604.26577
A2,buried,33,arxiv:2605.02943
A2,buried,34,arxiv:2601.19773
A2,buried,35,arxiv:2606.05112
A2,buried,36,arxiv:2606.02568
A2,buried,37,arxiv:2606.23301
A2,buried,38,arxiv:2609.30027
A2,buried,39,arxiv:2607.25485
A2,buried,40,arxiv:2601.22964
A2,buried,41,arxiv:2602.05407
A2,buried,42,arxiv:2509.19319
A2,buried,43,arxiv:2609.39371
A2,buried,44,arxiv:2606.11702
A2,buried,45,arxiv:2412.09529
A2,paraphrase,1,arxiv:2602.05407
A2,paraphrase,2,arxiv:2509.23415
A2,paraphrase,3,arxiv:2603.24649
A2,paraphrase,4,pubmed:41727598
A2,paraphrase,5,arxiv:2605.11224
A2,paraphrase,6,arxiv:2608.07796
A2,paraphrase,7,arxiv:2606.28900
A2,paraphrase,8,arxiv:2512.23440
A2,paraphrase,9,arxiv:2606.23301
A2,paraphrase,10,arxiv:2609.30027
A2,paraphrase,11,arxiv:2605.09675
A2,paraphrase,12,arxiv:2604.14656
A2,paraphrase,13,arxiv:2503.22678
A2,paraphrase,14,arxiv:2607.25485
A2,paraphrase,15,arxiv:2606.05112
A2,paraphrase,16,arxiv:2606.31179
A2,paraphrase,17,pubmed:41758153
A2,paraphrase,18,arxiv:2512.10206
A2,paraphrase,19,arxiv:2605.09679
A2,paraphrase,20,arxiv:2606.03203
A2,paraphrase,21,arxiv:2603.14771
A2,paraphrase,22,arxiv:2405.07960
A2,paraphrase,23,arxiv:2604.26577
A2,paraphrase,24,arxiv:2609.38480
A2,paraphrase,25,arxiv:2605.02943
A2,paraphrase,26,arxiv:2601.22964
A2,paraphrase,27,arxiv:2601.23049
A2,paraphrase,28,arxiv:2410.17657
A2,paraphrase,29,arxiv:2511.20490
A2,paraphrase,30,arxiv:2605.21496
A2,paraphrase,31,arxiv:2601.08988
A2,paraphrase,32,arxiv:2509.19319
A2,paraphrase,33,arxiv:2412.09529
A2,paraphrase,34,arxiv:2606.02568
A2,paraphrase,35,arxiv:2609.39371
A2,paraphrase,36,arxiv:2605.02240
A2,paraphrase,37,arxiv:2609.33117
A2,paraphrase,38,arxiv:2510.10278
A2,paraphrase,39,arxiv:2606.11702
A2,paraphrase,40,arxiv:2510.24654
A2,paraphrase,41,arxiv:2607.08257
A2,paraphrase,42,arxiv:2606.18613
A2,paraphrase,43,arxiv:2608.30188
A2,paraphrase,44,arxiv:2501.14654
A2,paraphrase,45,arxiv:2601.19773
A2,deletion,1,arxiv:2412.09529
A2,deletion,2,arxiv:2601.23049
A2,deletion,3,arxiv:2606.18613
A2,deletion,4,arxiv:2605.02943
A2,deletion,5,arxiv:2509.19319
A2,deletion,6,arxiv:2512.10206
A2,deletion,7,arxiv:2609.33117
A2,deletion,8,arxiv:2405.07960
A2,deletion,9,arxiv:2608.30188
A2,deletion,10,arxiv:2605.09675
A2,deletion,11,arxiv:2510.10278
A2,deletion,12,pubmed:41727598
A2,deletion,13,arxiv:2410.17657
A2,deletion,14,arxiv:2605.11224
A2,deletion,15,arxiv:2609.30027
A2,deletion,16,arxiv:2606.23301
A2,deletion,17,arxiv:2512.23440
A2,deletion,18,arxiv:2606.31179
A2,deletion,19,arxiv:2503.22678
A2,deletion,20,pubmed:41758153
A2,deletion,21,arxiv:2509.23415
A2,deletion,22,arxiv:2501.14654
A2,deletion,23,arxiv:2510.24654
A2,deletion,24,arxiv:2601.22964
A2,deletion,25,arxiv:2605.02240
A2,deletion,26,arxiv:2601.08988
A2,deletion,27,arxiv:2602.05407
A2,deletion,28,arxiv:2609.38480
A2,deletion,29,arxiv:2603.14771
A2,deletion,30,arxiv:2607.25485
A2,deletion,31,arxiv:2606.28900
A2,deletion,32,arxiv:2609.39371
A2,deletion,33,arxiv:2607.08257
A2,deletion,34,arxiv:2604.14656
A2,deletion,35,arxiv:2605.21496
A2,deletion,36,arxiv:2511.20490
A2,deletion,37,arxiv:2606.03203
A2,deletion,38,arxiv:2606.02568
A2,deletion,39,arxiv:2606.05112
A2,deletion,40,arxiv:2601.19773
A2,deletion,41,arxiv:2604.26577
A2,deletion,42,arxiv:2603.24649
A2,deletion,43,arxiv:2605.09679
A2,deletion,44,arxiv:2606.11702
A2,deletion,45,arxiv:2608.07796
A2,decoy,1,arxiv:2608.30188
A2,decoy,2,arxiv:2606.05112
A2,decoy,3,arxiv:2606.23301
A2,decoy,4,arxiv:2605.11224
A2,decoy,5,arxiv:2605.09675
A2,decoy,6,arxiv:2609.30027
A2,decoy,7,pubmed:41727598
A2,decoy,8,arxiv:2605.21496
A2,decoy,9,arxiv:2512.10206
A2,decoy,10,arxiv:2606.28900
A2,decoy,11,arxiv:2603.14771
A2,decoy,12,arxiv:2603.24649
A2,decoy,13,arxiv:2605.09679
A2,decoy,14,arxiv:2501.14654
A2,decoy,15,arxiv:2609.38480
A2,decoy,16,arxiv:2410.17657
A2,decoy,17,arxiv:2510.24654
A2,decoy,18,arxiv:2607.08257
A2,decoy,19,arxiv:2606.03203
A2,decoy,20,arxiv:2606.11702
A2,decoy,21,arxiv:2606.31179
A2,decoy,22,arxiv:2412.09529
A2,decoy,23,arxiv:2604.26577
A2,decoy,24,arxiv:2511.20490
A2,decoy,25,arxiv:2601.19773
A2,decoy,26,arxiv:2608.07796
A2,decoy,27,arxiv:2405.07960
A2,decoy,28,arxiv:2607.25485
A2,decoy,29,arxiv:2605.02943
A2,decoy,30,arxiv:2510.10278
A2,decoy,31,arxiv:2605.02240
A2,decoy,32,arxiv:2601.23049
A2,decoy,33,arxiv:2609.39371
A2,decoy,34,arxiv:2609.33117
A2,decoy,35,arxiv:2606.02568
A2,decoy,36,arxiv:2503.22678
A2,decoy,37,arxiv:2509.23415
A2,decoy,38,arxiv:2604.14656
A2,decoy,39,pubmed:41758153
A2,decoy,40,arxiv:2606.18613
A2,decoy,41,arxiv:2601.22964
A2,decoy,42,arxiv:2512.23440
A2,decoy,43,arxiv:2509.19319
A2,decoy,44,arxiv:2602.05407
A2,decoy,45,arxiv:2601.08988
A3,inject,1,arxiv:2609.38480
A3,inject,2,arxiv:2608.07796
A3,inject,3,arxiv:2605.11224
A3,inject,4,arxiv:2601.19773
A3,inject,5,arxiv:2606.28900
A3,inject,6,arxiv:2608.30188
A3,inject,7,arxiv:2605.09679
A3,inject,8,arxiv:2601.23049
A3,inject,9,arxiv:2609.39371
A3,inject,10,arxiv:2603.14771
A3,inject,11,arxiv:2606.05112
A3,inject,12,arxiv:2605.02240
A3,inject,13,arxiv:2410.17657
A3,inject,14,arxiv:2601.08988
A3,inject,15,arxiv:2609.33117
A3,inject,16,arxiv:2607.25485
A3,inject,17,arxiv:2609.30027
A3,inject,18,arxiv:2603.24649
A3,inject,19,arxiv:2405.07960
A3,inject,20,arxiv:2606.18613
A3,inject,21,pubmed:41758153
A3,inject,22,arxiv:2606.11702
A3,inject,23,arxiv:2602.05407
A3,inject,24,arxiv:2605.21496
A3,inject,25,arxiv:2607.08257
A3,inject,26,arxiv:2606.31179
A3,inject,27,arxiv:2606.23301
A3,inject,28,arxiv:2510.24654
A3,inject,29,arxiv:2509.23415
A3,inject,30,arxiv:2509.19319
A3,inject,31,arxiv:2605.02943
A3,inject,32,arxiv:2510.10278
A3,inject,33,arxiv:2606.03203
A3,inject,34,arxiv:2501.14654
A3,inject,35,arxiv:2512.10206
A3,inject,36,arxiv:2412.09529
A3,inject,37,arxiv:2604.26577
A3,inject,38,arxiv:2606.02568
A3,inject,39,arxiv:2605.09675
A3,inject,40,arxiv:2511.20490
A3,inject,41,arxiv:2512.23440
A3,inject,42,arxiv:2604.14656
A3,inject,43,arxiv:2601.22964
A3,inject,44,arxiv:2503.22678
A3,inject,45,pubmed:41727598
A3,buried,1,arxiv:2606.03203
A3,buried,2,arxiv:2606.18613
A3,buried,3,arxiv:2510.10278
A3,buried,4,arxiv:2609.30027
A3,buried,5,arxiv:2503.22678
A3,buried,6,arxiv:2605.02943
A3,buried,7,arxiv:2601.19773
A3,buried,8,arxiv:2605.21496
A3,buried,9,arxiv:2509.23415
A3,buried,10,arxiv:2605.09679
A3,buried,11,arxiv:2608.30188
A3,buried,12,arxiv:2609.39371
A3,buried,13,arxiv:2606.23301
A3,buried,14,arxiv:2512.10206
A3,buried,15,arxiv:2501.14654
A3,buried,16,arxiv:2601.23049
A3,buried,17,arxiv:2603.14771
A3,buried,18,arxiv:2607.08257
A3,buried,19,arxiv:2512.23440
A3,buried,20,arxiv:2510.24654
A3,buried,21,arxiv:2603.24649
A3,buried,22,arxiv:2609.38480
A3,buried,23,arxiv:2601.22964
A3,buried,24,arxiv:2606.05112
A3,buried,25,arxiv:2609.33117
A3,buried,26,arxiv:2412.09529
A3,buried,27,arxiv:2601.08988
A3,buried,28,arxiv:2606.11702
A3,buried,29,arxiv:2608.07796
A3,buried,30,arxiv:2605.11224
A3,buried,31,arxiv:2602.05407
A3,buried,32,arxiv:2604.14656
A3,buried,33,arxiv:2405.07960
A3,buried,34,arxiv:2606.02568
A3,buried,35,arxiv:2604.26577
A3,buried,36,arxiv:2509.19319
A3,buried,37,pubmed:41758153
A3,buried,38,arxiv:2605.02240
A3,buried,39,arxiv:2511.20490
A3,buried,40,arxiv:2410.17657
A3,buried,41,pubmed:41727598
A3,buried,42,arxiv:2607.25485
A3,buried,43,arxiv:2605.09675
A3,buried,44,arxiv:2606.28900
A3,buried,45,arxiv:2606.31179
A3,paraphrase,1,arxiv:2609.38480
A3,paraphrase,2,arxiv:2607.25485
A3,paraphrase,3,arxiv:2606.05112
A3,paraphrase,4,pubmed:41758153
A3,paraphrase,5,arxiv:2606.02568
A3,paraphrase,6,arxiv:2503.22678
A3,paraphrase,7,arxiv:2605.09679
A3,paraphrase,8,arxiv:2601.22964
A3,paraphrase,9,arxiv:2601.23049
A3,paraphrase,10,arxiv:2608.07796
A3,paraphrase,11,arxiv:2405.07960
A3,paraphrase,12,arxiv:2605.02943
A3,paraphrase,13,arxiv:2509.23415
A3,paraphrase,14,arxiv:2601.08988
A3,paraphrase,15,pubmed:41727598
A3,paraphrase,16,arxiv:2510.24654
A3,paraphrase,17,arxiv:2605.21496
A3,paraphrase,18,arxiv:2412.09529
A3,paraphrase,19,arxiv:2609.33117
A3,paraphrase,20,arxiv:2608.30188
A3,paraphrase,21,arxiv:2603.14771
A3,paraphrase,22,arxiv:2606.28900
A3,paraphrase,23,arxiv:2609.39371
A3,paraphrase,24,arxiv:2601.19773
A3,paraphrase,25,arxiv:2606.11702
A3,paraphrase,26,arxiv:2512.10206
A3,paraphrase,27,arxiv:2605.02240
A3,paraphrase,28,arxiv:2511.20490
A3,paraphrase,29,arxiv:2410.17657
A3,paraphrase,30,arxiv:2609.30027
A3,paraphrase,31,arxiv:2606.31179
A3,paraphrase,32,arxiv:2607.08257
A3,paraphrase,33,arxiv:2604.26577
A3,paraphrase,34,arxiv:2603.24649
A3,paraphrase,35,arxiv:2602.05407
A3,paraphrase,36,arxiv:2606.23301
A3,paraphrase,37,arxiv:2510.10278
A3,paraphrase,38,arxiv:2606.03203
A3,paraphrase,39,arxiv:2509.19319
A3,paraphrase,40,arxiv:2512.23440
A3,paraphrase,41,arxiv:2604.14656
A3,paraphrase,42,arxiv:2605.11224
A3,paraphrase,43,arxiv:2606.18613
A3,paraphrase,44,arxiv:2501.14654
A3,paraphrase,45,arxiv:2605.09675
A3,deletion,1,arxiv:2605.02943
A3,deletion,2,arxiv:2609.39371
A3,deletion,3,arxiv:2512.10206
A3,deletion,4,arxiv:2606.23301
A3,deletion,5,arxiv:2608.30188
A3,deletion,6,arxiv:2605.11224
A3,deletion,7,arxiv:2609.30027
A3,deletion,8,arxiv:2601.19773
A3,deletion,9,arxiv:2511.20490
A3,deletion,10,arxiv:2601.08988
A3,deletion,11,arxiv:2501.14654
A3,deletion,12,arxiv:2605.02240
A3,deletion,13,arxiv:2604.26577
A3,deletion,14,arxiv:2510.24654
A3,deletion,15,arxiv:2512.23440
A3,deletion,16,arxiv:2606.18613
A3,deletion,17,arxiv:2603.24649
A3,deletion,18,arxiv:2601.22964
A3,deletion,19,arxiv:2605.09679
A3,deletion,20,arxiv:2509.23415
A3,deletion,21,pubmed:41727598
A3,deletion,22,arxiv:2605.21496
A3,deletion,23,arxiv:2607.25485
A3,deletion,24,pubmed:41758153
A3,deletion,25,arxiv:2510.10278
A3,deletion,26,arxiv:2405.07960
A3,deletion,27,arxiv:2605.09675
A3,deletion,28,arxiv:2601.23049
A3,deletion,29,arxiv:2608.07796
A3,deletion,30,arxiv:2602.05407
A3,deletion,31,arxiv:2606.31179
A3,deletion,32,arxiv:2606.03203
A3,deletion,33,arxiv:2603.14771
A3,deletion,34,arxiv:2607.08257
A3,deletion,35,arxiv:2606.11702
A3,deletion,36,arxiv:2412.09529
A3,deletion,37,arxiv:2606.05112
A3,deletion,38,arxiv:2609.38480
A3,deletion,39,arxiv:2609.33117
A3,deletion,40,arxiv:2606.02568
A3,deletion,41,arxiv:2410.17657
A3,deletion,42,arxiv:2503.22678
A3,deletion,43,arxiv:2604.14656
A3,deletion,44,arxiv:2606.28900
A3,deletion,45,arxiv:2509.19319
A3,decoy,1,arxiv:2405.07960
A3,decoy,2,arxiv:2605.02943
A3,decoy,3,arxiv:2512.23440
A3,decoy,4,arxiv:2607.25485
A3,decoy,5,arxiv:2605.09675
A3,decoy,6,arxiv:2605.02240
A3,decoy,7,arxiv:2606.31179
A3,decoy,8,arxiv:2510.24654
A3,decoy,9,arxiv:2603.14771
A3,decoy,10,arxiv:2606.05112
A3,decoy,11,arxiv:2609.39371
A3,decoy,12,arxiv:2412.09529
A3,decoy,13,pubmed:41758153
A3,decoy,14,arxiv:2410.17657
A3,decoy,15,arxiv:2601.22964
A3,decoy,16,arxiv:2606.02568
A3,decoy,17,arxiv:2608.30188
A3,decoy,18,pubmed:41727598
A3,decoy,19,arxiv:2601.23049
A3,decoy,20,arxiv:2606.03203
A3,decoy,21,arxiv:2602.05407
A3,decoy,22,arxiv:2603.24649
A3,decoy,23,arxiv:2511.20490
A3,decoy,24,arxiv:2606.18613
A3,decoy,25,arxiv:2510.10278
A3,decoy,26,arxiv:2609.30027
A3,decoy,27,arxiv:2604.26577
A3,decoy,28,arxiv:2606.11702
A3,decoy,29,arxiv:2605.09679
A3,decoy,30,arxiv:2501.14654
A3,decoy,31,arxiv:2605.21496
A3,decoy,32,arxiv:2608.07796
A3,decoy,33,arxiv:2605.11224
A3,decoy,34,arxiv:2606.28900
A3,decoy,35,arxiv:2606.23301
A3,decoy,36,arxiv:2607.08257
A3,decoy,37,arxiv:2601.19773
A3,decoy,38,arxiv:2609.38480
A3,decoy,39,arxiv:2503.22678
A3,decoy,40,arxiv:2509.23415
A3,decoy,41,arxiv:2601.08988
A3,decoy,42,arxiv:2512.10206
A3,decoy,43,arxiv:2509.19319
A3,decoy,44,arxiv:2604.14656
A3,decoy,45,arxiv:2609.33117
A4,inject,1,arxiv:2606.23301
A4,inject,2,arxiv:2605.09679
A4,inject,3,arxiv:2609.33117
A4,inject,4,arxiv:2509.23415
A4,inject,5,arxiv:2604.14656
A4,inject,6,arxiv:2606.28900
A4,inject,7,arxiv:2607.25485
A4,inject,8,arxiv:2609.39371
A4,inject,9,arxiv:2602.05407
A4,inject,10,arxiv:2511.20490
A4,inject,11,arxiv:2606.05112
A4,inject,12,arxiv:2601.08988
A4,inject,13,arxiv:2608.07796
A4,inject,14,arxiv:2605.09675
A4,inject,15,arxiv:2601.22964
A4,inject,16,arxiv:2608.30188
A4,inject,17,arxiv:2410.17657
A4,inject,18,arxiv:2605.11224
A4,inject,19,arxiv:2603.24649
A4,inject,20,arxiv:2510.10278
A4,inject,21,arxiv:2607.08257
A4,inject,22,arxiv:2501.14654
A4,inject,23,arxiv:2606.11702
A4,inject,24,arxiv:2606.03203
A4,inject,25,arxiv:2606.02568
A4,inject,26,arxiv:2605.02943
A4,inject,27,arxiv:2609.30027
A4,inject,28,pubmed:41758153
A4,inject,29,arxiv:2601.23049
A4,inject,30,arxiv:2609.38480
A4,inject,31,arxiv:2503.22678
A4,inject,32,arxiv:2606.18613
A4,inject,33,arxiv:2405.07960
A4,inject,34,arxiv:2603.14771
A4,inject,35,arxiv:2606.31179
A4,inject,36,arxiv:2604.26577
A4,inject,37,arxiv:2605.21496
A4,inject,38,arxiv:2510.24654
A4,inject,39,arxiv:2601.19773
A4,inject,40,arxiv:2412.09529
A4,inject,41,arxiv:2509.19319
A4,inject,42,arxiv:2605.02240
A4,inject,43,arxiv:2512.10206
A4,inject,44,pubmed:41727598
A4,inject,45,arxiv:2512.23440
A4,buried,1,arxiv:2609.39371
A4,buried,2,arxiv:2412.09529
A4,buried,3,arxiv:2609.30027
A4,buried,4,arxiv:2603.24649
A4,buried,5,arxiv:2410.17657
A4,buried,6,arxiv:2605.11224
A4,buried,7,arxiv:2606.31179
A4,buried,8,arxiv:2405.07960
A4,buried,9,arxiv:2605.21496
A4,buried,10,arxiv:2511.20490
A4,buried,11,arxiv:2606.11702
A4,buried,12,arxiv:2501.14654
A4,buried,13,arxiv:2604.14656
A4,buried,14,arxiv:2605.02240
A4,buried,15,arxiv:2601.22964
A4,buried,16,arxiv:2601.08988
A4,buried,17,arxiv:2509.23415
A4,buried,18,arxiv:2601.19773
A4,buried,19,arxiv:2609.33117
A4,buried,20,pubmed:41727598
A4,buried,21,arxiv:2603.14771
A4,buried,22,arxiv:2503.22678
A4,buried,23,arxiv:2605.02943
A4,buried,24,arxiv:2606.02568
A4,buried,25,arxiv:2608.07796
A4,buried,26,arxiv:2509.19319
A4,buried,27,arxiv:2606.23301
A4,buried,28,arxiv:2512.10206
A4,buried,29,arxiv:2606.18613
A4,buried,30,arxiv:2606.05112
A4,buried,31,arxiv:2602.05407
A4,buried,32,arxiv:2605.09679
A4,buried,33,arxiv:2606.03203
A4,buried,34,arxiv:2601.23049
A4,buried,35,arxiv:2605.09675
A4,buried,36,pubmed:41758153
A4,buried,37,arxiv:2604.26577
A4,buried,38,arxiv:2607.08257
A4,buried,39,arxiv:2510.10278
A4,buried,40,arxiv:2510.24654
A4,buried,41,arxiv:2608.30188
A4,buried,42,arxiv:2607.25485
A4,buried,43,arxiv:2512.23440
A4,buried,44,arxiv:2609.38480
A4,buried,45,arxiv:2606.28900
A4,paraphrase,1,pubmed:41727598
A4,paraphrase,2,arxiv:2510.24654
A4,paraphrase,3,arxiv:2609.39371
A4,paraphrase,4,arxiv:2606.11702
A4,paraphrase,5,arxiv:2412.09529
A4,paraphrase,6,arxiv:2606.23301
A4,paraphrase,7,arxiv:2607.08257
A4,paraphrase,8,arxiv:2503.22678
A4,paraphrase,9,arxiv:2602.05407
A4,paraphrase,10,arxiv:2608.07796
A4,paraphrase,11,arxiv:2605.02943
A4,paraphrase,12,arxiv:2603.24649
A4,paraphrase,13,arxiv:2512.10206
A4,paraphrase,14,arxiv:2609.30027
A4,paraphrase,15,arxiv:2605.11224
A4,paraphrase,16,arxiv:2605.21496
A4,paraphrase,17,arxiv:2605.09675
A4,paraphrase,18,arxiv:2606.31179
A4,paraphrase,19,arxiv:2603.14771
A4,paraphrase,20,arxiv:2606.02568
A4,paraphrase,21,arxiv:2601.19773
A4,paraphrase,22,arxiv:2605.09679
A4,paraphrase,23,arxiv:2606.28900
A4,paraphrase,24,arxiv:2512.23440
A4,paraphrase,25,arxiv:2601.23049
A4,paraphrase,26,arxiv:2605.02240
A4,paraphrase,27,arxiv:2509.19319
A4,paraphrase,28,arxiv:2608.30188
A4,paraphrase,29,arxiv:2604.14656
A4,paraphrase,30,arxiv:2607.25485
A4,paraphrase,31,pubmed:41758153
A4,paraphrase,32,arxiv:2606.05112
A4,paraphrase,33,arxiv:2606.03203
A4,paraphrase,34,arxiv:2501.14654
A4,paraphrase,35,arxiv:2609.33117
A4,paraphrase,36,arxiv:2601.22964
A4,paraphrase,37,arxiv:2604.26577
A4,paraphrase,38,arxiv:2510.10278
A4,paraphrase,39,arxiv:2601.08988
A4,paraphrase,40,arxiv:2509.23415
A4,paraphrase,41,arxiv:2405.07960
A4,paraphrase,42,arxiv:2410.17657
A4,paraphrase,43,arxiv:2511.20490
A4,paraphrase,44,arxiv:2609.38480
A4,paraphrase,45,arxiv:2606.18613
A4,deletion,1,arxiv:2509.23415
A4,deletion,2,arxiv:2601.23049
A4,deletion,3,arxiv:2601.22964
A4,deletion,4,arxiv:2607.25485
A4,deletion,5,arxiv:2501.14654
A4,deletion,6,pubmed:41727598
A4,deletion,7,arxiv:2503.22678
A4,deletion,8,arxiv:2512.10206
A4,deletion,9,arxiv:2603.24649
A4,deletion,10,arxiv:2603.14771
A4,deletion,11,arxiv:2607.08257
A4,deletion,12,arxiv:2605.21496
A4,deletion,13,arxiv:2605.09679
A4,deletion,14,arxiv:2604.14656
A4,deletion,15,arxiv:2510.24654
A4,deletion,16,arxiv:2601.19773
A4,deletion,17,arxiv:2606.23301
A4,deletion,18,arxiv:2509.19319
A4,deletion,19,arxiv:2609.30027
A4,deletion,20,arxiv:2609.38480
A4,deletion,21,arxiv:2606.03203
A4,deletion,22,arxiv:2606.31179
A4,deletion,23,arxiv:2602.05407
A4,deletion,24,arxiv:2608.07796
A4,deletion,25,arxiv:2510.10278
A4,deletion,26,arxiv:2605.02943
A4,deletion,27,arxiv:2512.23440
A4,deletion,28,arxiv:2605.11224
A4,deletion,29,arxiv:2606.28900
A4,deletion,30,arxiv:2605.02240
A4,deletion,31,arxiv:2609.33117
A4,deletion,32,arxiv:2511.20490
A4,deletion,33,arxiv:2606.02568
A4,deletion,34,arxiv:2605.09675
A4,deletion,35,arxiv:2601.08988
A4,deletion,36,arxiv:2405.07960
A4,deletion,37,arxiv:2412.09529
A4,deletion,38,pubmed:41758153
A4,deletion,39,arxiv:2609.39371
A4,deletion,40,arxiv:2604.26577
A4,deletion,41,arxiv:2608.30188
A4,deletion,42,arxiv:2410.17657
A4,deletion,43,arxiv:2606.11702
A4,deletion,44,arxiv:2606.18613
A4,deletion,45,arxiv:2606.05112
A4,decoy,1,arxiv:2604.26577
A4,decoy,2,arxiv:2510.10278
A4,decoy,3,arxiv:2606.05112
A4,decoy,4,arxiv:2605.21496
A4,decoy,5,arxiv:2601.08988
A4,decoy,6,arxiv:2606.31179
A4,decoy,7,pubmed:41758153
A4,decoy,8,arxiv:2605.09675
A4,decoy,9,arxiv:2607.08257
A4,decoy,10,arxiv:2503.22678
A4,decoy,11,arxiv:2605.09679
A4,decoy,12,arxiv:2405.07960
A4,decoy,13,arxiv:2609.30027
A4,decoy,14,arxiv:2509.19319
A4,decoy,15,arxiv:2410.17657
A4,decoy,16,arxiv:2609.33117
A4,decoy,17,arxiv:2606.03203
A4,decoy,18,arxiv:2605.02943
A4,decoy,19,arxiv:2606.18613
A4,decoy,20,arxiv:2606.23301
A4,decoy,21,arxiv:2607.25485
A4,decoy,22,arxiv:2601.22964
A4,decoy,23,arxiv:2601.19773
A4,decoy,24,arxiv:2606.11702
A4,decoy,25,arxiv:2602.05407
A4,decoy,26,arxiv:2604.14656
A4,decoy,27,arxiv:2606.02568
A4,decoy,28,arxiv:2603.14771
A4,decoy,29,arxiv:2608.30188
A4,decoy,30,arxiv:2603.24649
A4,decoy,31,arxiv:2605.11224
A4,decoy,32,arxiv:2601.23049
A4,decoy,33,arxiv:2510.24654
A4,decoy,34,pubmed:41727598
A4,decoy,35,arxiv:2512.10206
A4,decoy,36,arxiv:2609.38480
A4,decoy,37,arxiv:2512.23440
A4,decoy,38,arxiv:2412.09529
A4,decoy,39,arxiv:2609.39371
A4,decoy,40,arxiv:2608.07796
A4,decoy,41,arxiv:2509.23415
A4,decoy,42,arxiv:2501.14654
A4,decoy,43,arxiv:2605.02240
A4,decoy,44,arxiv:2606.28900
A4,decoy,45,arxiv:2511.20490
A5,inject,1,arxiv:2601.22964
A5,inject,2,arxiv:2605.09675
A5,inject,3,arxiv:2606.23301
A5,inject,4,arxiv:2511.20490
A5,inject,5,arxiv:2601.23049
A5,inject,6,arxiv:2606.31179
A5,inject,7,arxiv:2606.03203
A5,inject,8,arxiv:2606.05112
A5,inject,9,arxiv:2603.14771
A5,inject,10,arxiv:2604.14656
A5,inject,11,arxiv:2606.02568
A5,inject,12,pubmed:41727598
A5,inject,13,arxiv:2605.21496
A5,inject,14,arxiv:2601.19773
A5,inject,15,arxiv:2609.30027
A5,inject,16,arxiv:2601.08988
A5,inject,17,arxiv:2605.02943
A5,inject,18,arxiv:2510.10278
A5,inject,19,arxiv:2609.38480
A5,inject,20,arxiv:2606.18613
A5,inject,21,arxiv:2509.23415
A5,inject,22,arxiv:2405.07960
A5,inject,23,arxiv:2604.26577
A5,inject,24,arxiv:2501.14654
A5,inject,25,arxiv:2410.17657
A5,inject,26,arxiv:2512.10206
A5,inject,27,arxiv:2606.11702
A5,inject,28,arxiv:2605.09679
A5,inject,29,arxiv:2608.07796
A5,inject,30,arxiv:2606.28900
A5,inject,31,arxiv:2503.22678
A5,inject,32,arxiv:2512.23440
A5,inject,33,arxiv:2608.30188
A5,inject,34,arxiv:2412.09529
A5,inject,35,arxiv:2607.08257
A5,inject,36,arxiv:2510.24654
A5,inject,37,arxiv:2605.02240
A5,inject,38,arxiv:2602.05407
A5,inject,39,pubmed:41758153
A5,inject,40,arxiv:2607.25485
A5,inject,41,arxiv:2609.33117
A5,inject,42,arxiv:2509.19319
A5,inject,43,arxiv:2603.24649
A5,inject,44,arxiv:2605.11224
A5,inject,45,arxiv:2609.39371
A5,buried,1,arxiv:2605.09675
A5,buried,2,arxiv:2606.18613
A5,buried,3,arxiv:2607.25485
A5,buried,4,arxiv:2510.10278
A5,buried,5,arxiv:2608.07796
A5,buried,6,arxiv:2603.14771
A5,buried,7,arxiv:2607.08257
A5,buried,8,arxiv:2601.08988
A5,buried,9,pubmed:41727598
A5,buried,10,arxiv:2601.22964
A5,buried,11,arxiv:2501.14654
A5,buried,12,arxiv:2606.31179
A5,buried,13,arxiv:2510.24654
A5,buried,14,arxiv:2606.28900
A5,buried,15,arxiv:2512.23440
A5,buried,16,arxiv:2606.02568
A5,buried,17,arxiv:2604.14656
A5,buried,18,arxiv:2603.24649
A5,buried,19,arxiv:2606.05112
A5,buried,20,arxiv:2606.11702
A5,buried,21,arxiv:2601.23049
A5,buried,22,arxiv:2605.02943
A5,buried,23,arxiv:2609.38480
A5,buried,24,arxiv:2601.19773
A5,buried,25,arxiv:2405.07960
A5,buried,26,arxiv:2503.22678
A5,buried,27,arxiv:2605.02240
A5,buried,28,arxiv:2606.23301
A5,buried,29,arxiv:2410.17657
A5,buried,30,arxiv:2604.26577
A5,buried,31,arxiv:2609.30027
A5,buried,32,arxiv:2606.03203
A5,buried,33,arxiv:2512.10206
A5,buried,34,arxiv:2602.05407
A5,buried,35,arxiv:2511.20490
A5,buried,36,pubmed:41758153
A5,buried,37,arxiv:2605.21496
A5,buried,38,arxiv:2609.39371
A5,buried,39,arxiv:2605.09679
A5,buried,40,arxiv:2609.33117
A5,buried,41,arxiv:2605.11224
A5,buried,42,arxiv:2608.30188
A5,buried,43,arxiv:2412.09529
A5,buried,44,arxiv:2509.23415
A5,buried,45,arxiv:2509.19319
A5,paraphrase,1,arxiv:2605.11224
A5,paraphrase,2,arxiv:2512.23440
A5,paraphrase,3,pubmed:41758153
A5,paraphrase,4,arxiv:2509.19319
A5,paraphrase,5,arxiv:2609.30027
A5,paraphrase,6,arxiv:2609.33117
A5,paraphrase,7,arxiv:2607.08257
A5,paraphrase,8,arxiv:2606.03203
A5,paraphrase,9,arxiv:2607.25485
A5,paraphrase,10,arxiv:2601.19773
A5,paraphrase,11,arxiv:2606.23301
A5,paraphrase,12,arxiv:2605.09675
A5,paraphrase,13,arxiv:2512.10206
A5,paraphrase,14,arxiv:2511.20490
A5,paraphrase,15,arxiv:2510.24654
A5,paraphrase,16,arxiv:2604.26577
A5,paraphrase,17,arxiv:2412.09529
A5,paraphrase,18,arxiv:2609.38480
A5,paraphrase,19,arxiv:2605.09679
A5,paraphrase,20,arxiv:2609.39371
A5,paraphrase,21,arxiv:2503.22678
A5,paraphrase,22,arxiv:2606.05112
A5,paraphrase,23,arxiv:2602.05407
A5,paraphrase,24,arxiv:2605.02943
A5,paraphrase,25,arxiv:2510.10278
A5,paraphrase,26,pubmed:41727598
A5,paraphrase,27,arxiv:2605.21496
A5,paraphrase,28,arxiv:2608.30188
A5,paraphrase,29,arxiv:2604.14656
A5,paraphrase,30,arxiv:2606.31179
A5,paraphrase,31,arxiv:2606.18613
A5,paraphrase,32,arxiv:2601.08988
A5,paraphrase,33,arxiv:2603.24649
A5,paraphrase,34,arxiv:2410.17657
A5,paraphrase,35,arxiv:2601.22964
A5,paraphrase,36,arxiv:2501.14654
A5,paraphrase,37,arxiv:2509.23415
A5,paraphrase,38,arxiv:2606.11702
A5,paraphrase,39,arxiv:2608.07796
A5,paraphrase,40,arxiv:2606.02568
A5,paraphrase,41,arxiv:2405.07960
A5,paraphrase,42,arxiv:2606.28900
A5,paraphrase,43,arxiv:2605.02240
A5,paraphrase,44,arxiv:2601.23049
A5,paraphrase,45,arxiv:2603.14771
A5,deletion,1,arxiv:2605.09675
A5,deletion,2,arxiv:2606.23301
A5,deletion,3,arxiv:2608.07796
A5,deletion,4,arxiv:2511.20490
A5,deletion,5,arxiv:2410.17657
A5,deletion,6,arxiv:2604.26577
A5,deletion,7,arxiv:2601.19773
A5,deletion,8,arxiv:2605.09679
A5,deletion,9,arxiv:2512.23440
A5,deletion,10,arxiv:2405.07960
A5,deletion,11,arxiv:2510.24654
A5,deletion,12,arxiv:2603.24649
A5,deletion,13,arxiv:2512.10206
A5,deletion,14,arxiv:2606.18613
A5,deletion,15,arxiv:2510.10278
A5,deletion,16,arxiv:2609.38480
A5,deletion,17,arxiv:2601.23049
A5,deletion,18,pubmed:41758153
A5,deletion,19,arxiv:2606.03203
A5,deletion,20,arxiv:2601.08988
A5,deletion,21,arxiv:2606.05112
A5,deletion,22,arxiv:2606.11702
A5,deletion,23,arxiv:2501.14654
A5,deletion,24,arxiv:2509.19319
A5,deletion,25,arxiv:2606.31179
A5,deletion,26,arxiv:2604.14656
A5,deletion,27,arxiv:2608.30188
A5,deletion,28,pubmed:41727598
A5,deletion,29,arxiv:2609.39371
A5,deletion,30,arxiv:2606.02568
A5,deletion,31,arxiv:2609.33117
A5,deletion,32,arxiv:2602.05407
A5,deletion,33,arxiv:2605.02943
A5,deletion,34,arxiv:2412.09529
A5,deletion,35,arxiv:2607.08257
A5,deletion,36,arxiv:2605.02240
A5,deletion,37,arxiv:2609.30027
A5,deletion,38,arxiv:2503.22678
A5,deletion,39,arxiv:2607.25485
A5,deletion,40,arxiv:2606.28900
A5,deletion,41,arxiv:2603.14771
A5,deletion,42,arxiv:2509.23415
A5,deletion,43,arxiv:2605.21496
A5,deletion,44,arxiv:2605.11224
A5,deletion,45,arxiv:2601.22964
A5,decoy,1,arxiv:2609.30027
A5,decoy,2,arxiv:2603.24649
A5,decoy,3,arxiv:2509.19319
A5,decoy,4,arxiv:2607.08257
A5,decoy,5,arxiv:2606.11702
A5,decoy,6,arxiv:2512.23440
A5,decoy,7,arxiv:2603.14771
A5,decoy,8,arxiv:2605.02943
A5,decoy,9,arxiv:2412.09529
A5,decoy,10,arxiv:2405.07960
A5,decoy,11,arxiv:2511.20490
A5,decoy,12,arxiv:2601.19773
A5,decoy,13,arxiv:2607.25485
A5,decoy,14,arxiv:2606.18613
A5,decoy,15,arxiv:2606.02568
A5,decoy,16,arxiv:2509.23415
A5,decoy,17,arxiv:2510.10278
A5,decoy,18,arxiv:2604.26577
A5,decoy,19,arxiv:2605.02240
A5,decoy,20,arxiv:2606.31179
A5,decoy,21,arxiv:2605.21496
A5,decoy,22,arxiv:2503.22678
A5,decoy,23,arxiv:2601.08988
A5,decoy,24,arxiv:2606.05112
A5,decoy,25,arxiv:2608.07796
A5,decoy,26,arxiv:2606.03203
A5,decoy,27,pubmed:41758153
A5,decoy,28,arxiv:2609.39371
A5,decoy,29,arxiv:2606.28900
A5,decoy,30,arxiv:2410.17657
A5,decoy,31,arxiv:2606.23301
A5,decoy,32,arxiv:2609.33117
A5,decoy,33,arxiv:2601.23049
A5,decoy,34,arxiv:2605.11224
A5,decoy,35,arxiv:2608.30188
A5,decoy,36,arxiv:2601.22964
A5,decoy,37,arxiv:2510.24654
A5,decoy,38,arxiv:2512.10206
A5,decoy,39,arxiv:2501.14654
A5,decoy,40,arxiv:2605.09679
A5,decoy,41,pubmed:41727598
A5,decoy,42,arxiv:2609.38480
A5,decoy,43,arxiv:2602.05407
A5,decoy,44,arxiv:2604.14656
A5,decoy,45,arxiv:2605.09675
A6,inject,1,arxiv:2511.20490
A6,inject,2,arxiv:2512.23440
A6,inject,3,arxiv:2606.28900
A6,inject,4,pubmed:41727598
A6,inject,5,arxiv:2512.10206
A6,inject,6,arxiv:2601.08988
A6,inject,7,arxiv:2609.33117
A6,inject,8,arxiv:2501.14654
A6,inject,9,arxiv:2510.24654
A6,inject,10,arxiv:2609.38480
A6,inject,11,arxiv:2606.11702
A6,inject,12,arxiv:2603.24649
A6,inject,13,arxiv:2608.07796
A6,inject,14,arxiv:2608.30188
A6,inject,15,arxiv:2503.22678
A6,inject,16,arxiv:2607.08257
A6,inject,17,arxiv:2601.19773
A6,inject,18,arxiv:2605.02943
A6,inject,19,arxiv:2607.25485
A6,inject,20,arxiv:2609.30027
A6,inject,21,arxiv:2601.23049
A6,inject,22,arxiv:2405.07960
A6,inject,23,arxiv:2606.02568
A6,inject,24,arxiv:2605.09675
A6,inject,25,arxiv:2602.05407
A6,inject,26,arxiv:2601.22964
A6,inject,27,pubmed:41758153
A6,inject,28,arxiv:2509.23415
A6,inject,29,arxiv:2606.18613
A6,inject,30,arxiv:2606.23301
A6,inject,31,arxiv:2410.17657
A6,inject,32,arxiv:2605.09679
A6,inject,33,arxiv:2605.21496
A6,inject,34,arxiv:2606.05112
A6,inject,35,arxiv:2604.14656
A6,inject,36,arxiv:2509.19319
A6,inject,37,arxiv:2605.02240
A6,inject,38,arxiv:2606.03203
A6,inject,39,arxiv:2603.14771
A6,inject,40,arxiv:2606.31179
A6,inject,41,arxiv:2412.09529
A6,inject,42,arxiv:2605.11224
A6,inject,43,arxiv:2510.10278
A6,inject,44,arxiv:2604.26577
A6,inject,45,arxiv:2609.39371
A6,buried,1,arxiv:2606.28900
A6,buried,2,arxiv:2605.11224
A6,buried,3,arxiv:2510.24654
A6,buried,4,arxiv:2412.09529
A6,buried,5,arxiv:2405.07960
A6,buried,6,arxiv:2509.23415
A6,buried,7,arxiv:2601.23049
A6,buried,8,arxiv:2605.02943
A6,buried,9,arxiv:2605.09679
A6,buried,10,arxiv:2603.24649
A6,buried,11,arxiv:2609.38480
A6,buried,12,arxiv:2609.33117
A6,buried,13,arxiv:2608.30188
A6,buried,14,arxiv:2501.14654
A6,buried,15,arxiv:2509.19319
A6,buried,16,arxiv:2607.08257
A6,buried,17,arxiv:2604.26577
A6,buried,18,arxiv:2606.03203
A6,buried,19,arxiv:2606.11702
A6,buried,20,arxiv:2601.08988
A6,buried,21,arxiv:2606.31179
A6,buried,22,arxiv:2606.23301
A6,buried,23,arxiv:2607.25485
A6,buried,24,arxiv:2601.22964
A6,buried,25,arxiv:2410.17657
A6,buried,26,arxiv:2606.02568
A6,buried,27,pubmed:41727598
A6,buried,28,arxiv:2604.14656
A6,buried,29,arxiv:2606.05112
A6,buried,30,arxiv:2606.18613
A6,buried,31,arxiv:2603.14771
A6,buried,32,arxiv:2602.05407
A6,buried,33,arxiv:2512.10206
A6,buried,34,arxiv:2608.07796
A6,buried,35,arxiv:2511.20490
A6,buried,36,arxiv:2609.30027
A6,buried,37,arxiv:2512.23440
A6,buried,38,arxiv:2605.09675
A6,buried,39,pubmed:41758153
A6,buried,40,arxiv:2605.02240
A6,buried,41,arxiv:2601.19773
A6,buried,42,arxiv:2605.21496
A6,buried,43,arxiv:2609.39371
A6,buried,44,arxiv:2510.10278
A6,buried,45,arxiv:2503.22678
A6,paraphrase,1,arxiv:2609.39371
A6,paraphrase,2,arxiv:2601.19773
A6,paraphrase,3,arxiv:2606.31179
A6,paraphrase,4,arxiv:2603.14771
A6,paraphrase,5,arxiv:2606.23301
A6,paraphrase,6,arxiv:2605.11224
A6,paraphrase,7,arxiv:2608.07796
A6,paraphrase,8,arxiv:2607.25485
A6,paraphrase,9,arxiv:2410.17657
A6,paraphrase,10,arxiv:2509.19319
A6,paraphrase,11,arxiv:2606.28900
A6,paraphrase,12,arxiv:2609.33117
A6,paraphrase,13,arxiv:2602.05407
A6,paraphrase,14,arxiv:2604.14656
A6,paraphrase,15,arxiv:2606.03203
A6,paraphrase,16,pubmed:41727598
A6,paraphrase,17,pubmed:41758153
A6,paraphrase,18,arxiv:2607.08257
A6,paraphrase,19,arxiv:2405.07960
A6,paraphrase,20,arxiv:2503.22678
A6,paraphrase,21,arxiv:2606.02568
A6,paraphrase,22,arxiv:2601.08988
A6,paraphrase,23,arxiv:2601.22964
A6,paraphrase,24,arxiv:2606.18613
A6,paraphrase,25,arxiv:2606.11702
A6,paraphrase,26,arxiv:2511.20490
A6,paraphrase,27,arxiv:2501.14654
A6,paraphrase,28,arxiv:2512.23440
A6,paraphrase,29,arxiv:2605.21496
A6,paraphrase,30,arxiv:2601.23049
A6,paraphrase,31,arxiv:2412.09529
A6,paraphrase,32,arxiv:2603.24649
A6,paraphrase,33,arxiv:2510.10278
A6,paraphrase,34,arxiv:2604.26577
A6,paraphrase,35,arxiv:2608.30188
A6,paraphrase,36,arxiv:2512.10206
A6,paraphrase,37,arxiv:2509.23415
A6,paraphrase,38,arxiv:2510.24654
A6,paraphrase,39,arxiv:2605.09675
A6,paraphrase,40,arxiv:2605.02240
A6,paraphrase,41,arxiv:2605.09679
A6,paraphrase,42,arxiv:2609.30027
A6,paraphrase,43,arxiv:2606.05112
A6,paraphrase,44,arxiv:2609.38480
A6,paraphrase,45,arxiv:2605.02943
A6,deletion,1,arxiv:2609.38480
A6,deletion,2,arxiv:2510.10278
A6,deletion,3,arxiv:2503.22678
A6,deletion,4,arxiv:2606.23301
A6,deletion,5,pubmed:41727598
A6,deletion,6,arxiv:2412.09529
A6,deletion,7,arxiv:2603.24649
A6,deletion,8,arxiv:2601.08988
A6,deletion,9,arxiv:2405.07960
A6,deletion,10,arxiv:2606.03203
A6,deletion,11,arxiv:2608.30188
A6,deletion,12,arxiv:2606.31179
A6,deletion,13,arxiv:2607.08257
A6,deletion,14,arxiv:2512.10206
A6,deletion,15,arxiv:2603.14771
A6,deletion,16,arxiv:2601.19773
A6,deletion,17,arxiv:2604.26577
A6,deletion,18,arxiv:2509.19319
A6,deletion,19,arxiv:2601.22964
A6,deletion,20,arxiv:2605.11224
A6,deletion,21,arxiv:2605.09675
A6,deletion,22,arxiv:2604.14656
A6,deletion,23,arxiv:2608.07796
A6,deletion,24,arxiv:2605.02943
A6,deletion,25,arxiv:2609.33117
A6,deletion,26,arxiv:2511.20490
A6,deletion,27,arxiv:2606.11702
A6,deletion,28,arxiv:2512.23440
A6,deletion,29,arxiv:2602.05407
A6,deletion,30,arxiv:2606.28900
A6,deletion,31,arxiv:2509.23415
A6,deletion,32,arxiv:2606.18613
A6,deletion,33,arxiv:2501.14654
A6,deletion,34,arxiv:2605.09679
A6,deletion,35,arxiv:2606.05112
A6,deletion,36,arxiv:2609.30027
A6,deletion,37,arxiv:2606.02568
A6,deletion,38,arxiv:2601.23049
A6,deletion,39,arxiv:2607.25485
A6,deletion,40,arxiv:2410.17657
A6,deletion,41,pubmed:41758153
A6,deletion,42,arxiv:2605.21496
A6,deletion,43,arxiv:2510.24654
A6,deletion,44,arxiv:2609.39371
A6,deletion,45,arxiv:2605.02240
A6,decoy,1,arxiv:2603.24649
A6,decoy,2,arxiv:2512.10206
A6,decoy,3,pubmed:41727598
A6,decoy,4,arxiv:2405.07960
A6,decoy,5,arxiv:2605.11224
A6,decoy,6,arxiv:2607.25485
A6,decoy,7,arxiv:2606.18613
A6,decoy,8,arxiv:2601.19773
A6,decoy,9,arxiv:2609.38480
A6,decoy,10,arxiv:2509.19319
A6,decoy,11,arxiv:2605.21496
A6,decoy,12,arxiv:2511.20490
A6,decoy,13,arxiv:2606.23301
A6,decoy,14,arxiv:2606.05112
A6,decoy,15,arxiv:2605.02240
A6,decoy,16,arxiv:2601.22964
A6,decoy,17,arxiv:2410.17657
A6,decoy,18,arxiv:2606.28900
A6,decoy,19,arxiv:2606.03203
A6,decoy,20,arxiv:2509.23415
A6,decoy,21,arxiv:2510.24654
A6,decoy,22,arxiv:2605.09675
A6,decoy,23,arxiv:2503.22678
A6,decoy,24,arxiv:2609.39371
A6,decoy,25,arxiv:2601.08988
A6,decoy,26,arxiv:2609.30027
A6,decoy,27,arxiv:2607.08257
A6,decoy,28,arxiv:2605.02943
A6,decoy,29,arxiv:2604.14656
A6,decoy,30,arxiv:2604.26577
A6,decoy,31,arxiv:2608.30188
A6,decoy,32,arxiv:2602.05407
A6,decoy,33,arxiv:2605.09679
A6,decoy,34,arxiv:2510.10278
A6,decoy,35,arxiv:2512.23440
A6,decoy,36,arxiv:2601.23049
A6,decoy,37,arxiv:2501.14654
A6,decoy,38,arxiv:2609.33117
A6,decoy,39,arxiv:2412.09529
A6,decoy,40,arxiv:2606.31179
A6,decoy,41,arxiv:2608.07796
A6,decoy,42,arxiv:2606.11702
A6,decoy,43,arxiv:2606.02568
A6,decoy,44,pubmed:41758153
A6,decoy,45,arxiv:2603.14771
A7,inject,1,arxiv:2604.14656
A7,inject,2,pubmed:41758153
A7,inject,3,arxiv:2609.30027
A7,inject,4,arxiv:2510.24654
A7,inject,5,arxiv:2602.05407
A7,inject,6,arxiv:2601.19773
A7,inject,7,arxiv:2605.11224
A7,inject,8,arxiv:2606.23301
A7,inject,9,arxiv:2605.02240
A7,inject,10,arxiv:2606.02568
A7,inject,11,arxiv:2605.21496
A7,inject,12,arxiv:2512.23440
A7,inject,13,arxiv:2511.20490
A7,inject,14,arxiv:2503.22678
A7,inject,15,arxiv:2510.10278
A7,inject,16,arxiv:2605.09679
A7,inject,17,arxiv:2606.11702
A7,inject,18,arxiv:2605.02943
A7,inject,19,arxiv:2605.09675
A7,inject,20,arxiv:2601.22964
A7,inject,21,arxiv:2606.18613
A7,inject,22,arxiv:2606.31179
A7,inject,23,arxiv:2501.14654
A7,inject,24,arxiv:2607.25485
A7,inject,25,arxiv:2607.08257
A7,inject,26,arxiv:2509.23415
A7,inject,27,arxiv:2601.23049
A7,inject,28,arxiv:2603.24649
A7,inject,29,arxiv:2603.14771
A7,inject,30,arxiv:2606.05112
A7,inject,31,arxiv:2601.08988
A7,inject,32,arxiv:2608.07796
A7,inject,33,arxiv:2604.26577
A7,inject,34,arxiv:2405.07960
A7,inject,35,arxiv:2606.28900
A7,inject,36,arxiv:2609.39371
A7,inject,37,arxiv:2509.19319
A7,inject,38,arxiv:2606.03203
A7,inject,39,arxiv:2609.38480
A7,inject,40,arxiv:2512.10206
A7,inject,41,arxiv:2410.17657
A7,inject,42,pubmed:41727598
A7,inject,43,arxiv:2608.30188
A7,inject,44,arxiv:2609.33117
A7,inject,45,arxiv:2412.09529
A7,buried,1,pubmed:41758153
A7,buried,2,arxiv:2606.23301
A7,buried,3,arxiv:2609.38480
A7,buried,4,arxiv:2601.08988
A7,buried,5,arxiv:2606.03203
A7,buried,6,arxiv:2501.14654
A7,buried,7,arxiv:2602.05407
A7,buried,8,arxiv:2605.02240
A7,buried,9,arxiv:2608.30188
A7,buried,10,arxiv:2605.11224
A7,buried,11,arxiv:2606.28900
A7,buried,12,arxiv:2606.05112
A7,buried,13,arxiv:2603.14771
A7,buried,14,arxiv:2601.22964
A7,buried,15,arxiv:2509.23415
A7,buried,16,arxiv:2601.19773
A7,buried,17,arxiv:2604.14656
A7,buried,18,arxiv:2512.23440
A7,buried,19,arxiv:2604.26577
A7,buried,20,arxiv:2609.39371
A7,buried,21,pubmed:41727598
A7,buried,22,arxiv:2606.18613
A7,buried,23,arxiv:2605.09675
A7,buried,24,arxiv:2503.22678
A7,buried,25,arxiv:2412.09529
A7,buried,26,arxiv:2603.24649
A7,buried,27,arxiv:2606.31179
A7,buried,28,arxiv:2605.02943
A7,buried,29,arxiv:2605.21496
A7,buried,30,arxiv:2405.07960
A7,buried,31,arxiv:2601.23049
A7,buried,32,arxiv:2607.25485
A7,buried,33,arxiv:2510.24654
A7,buried,34,arxiv:2609.30027
A7,buried,35,arxiv:2511.20490
A7,buried,36,arxiv:2512.10206
A7,buried,37,arxiv:2605.09679
A7,buried,38,arxiv:2410.17657
A7,buried,39,arxiv:2608.07796
A7,buried,40,arxiv:2609.33117
A7,buried,41,arxiv:2509.19319
A7,buried,42,arxiv:2607.08257
A7,buried,43,arxiv:2606.02568
A7,buried,44,arxiv:2606.11702
A7,buried,45,arxiv:2510.10278
A7,paraphrase,1,arxiv:2605.09675
A7,paraphrase,2,arxiv:2605.11224
A7,paraphrase,3,arxiv:2512.10206
A7,paraphrase,4,arxiv:2607.08257
A7,paraphrase,5,arxiv:2509.23415
A7,paraphrase,6,arxiv:2605.02240
A7,paraphrase,7,arxiv:2601.22964
A7,paraphrase,8,arxiv:2510.10278
A7,paraphrase,9,arxiv:2501.14654
A7,paraphrase,10,arxiv:2608.30188
A7,paraphrase,11,arxiv:2604.26577
A7,paraphrase,12,arxiv:2606.05112
A7,paraphrase,13,arxiv:2603.14771
A7,paraphrase,14,arxiv:2601.08988
A7,paraphrase,15,arxiv:2601.19773
A7,paraphrase,16,arxiv:2609.30027
A7,paraphrase,17,arxiv:2510.24654
A7,paraphrase,18,pubmed:41727598
A7,paraphrase,19,arxiv:2605.02943
A7,paraphrase,20,arxiv:2511.20490
A7,paraphrase,21,arxiv:2606.28900
A7,paraphrase,22,arxiv:2606.23301
A7,paraphrase,23,arxiv:2512.23440
A7,paraphrase,24,arxiv:2503.22678
A7,paraphrase,25,arxiv:2604.14656
A7,paraphrase,26,arxiv:2603.24649
A7,paraphrase,27,arxiv:2607.25485
A7,paraphrase,28,arxiv:2412.09529
A7,paraphrase,29,arxiv:2609.33117
A7,paraphrase,30,arxiv:2410.17657
A7,paraphrase,31,arxiv:2606.18613
A7,paraphrase,32,arxiv:2601.23049
A7,paraphrase,33,arxiv:2606.11702
A7,paraphrase,34,arxiv:2605.21496
A7,paraphrase,35,pubmed:41758153
A7,paraphrase,36,arxiv:2609.38480
A7,paraphrase,37,arxiv:2405.07960
A7,paraphrase,38,arxiv:2609.39371
A7,paraphrase,39,arxiv:2606.03203
A7,paraphrase,40,arxiv:2606.31179
A7,paraphrase,41,arxiv:2606.02568
A7,paraphrase,42,arxiv:2608.07796
A7,paraphrase,43,arxiv:2602.05407
A7,paraphrase,44,arxiv:2605.09679
A7,paraphrase,45,arxiv:2509.19319
A7,deletion,1,arxiv:2604.14656
A7,deletion,2,arxiv:2603.14771
A7,deletion,3,arxiv:2605.09679
A7,deletion,4,arxiv:2609.39371
A7,deletion,5,arxiv:2509.19319
A7,deletion,6,arxiv:2606.11702
A7,deletion,7,arxiv:2606.18613
A7,deletion,8,arxiv:2605.02943
A7,deletion,9,arxiv:2511.20490
A7,deletion,10,arxiv:2601.08988
A7,deletion,11,arxiv:2410.17657
A7,deletion,12,arxiv:2607.25485
A7,deletion,13,arxiv:2503.22678
A7,deletion,14,arxiv:2601.22964
A7,deletion,15,arxiv:2510.24654
A7,deletion,16,arxiv:2604.26577
A7,deletion,17,arxiv:2501.14654
A7,deletion,18,pubmed:41758153
A7,deletion,19,arxiv:2601.23049
A7,deletion,20,arxiv:2606.05112
A7,deletion,21,arxiv:2606.02568
A7,deletion,22,arxiv:2605.11224
A7,deletion,23,arxiv:2606.23301
A7,deletion,24,arxiv:2606.03203
A7,deletion,25,arxiv:2602.05407
A7,deletion,26,arxiv:2512.23440
A7,deletion,27,arxiv:2601.19773
A7,deletion,28,arxiv:2605.21496
A7,deletion,29,arxiv:2405.07960
A7,deletion,30,arxiv:2606.31179
A7,deletion,31,arxiv:2606.28900
A7,deletion,32,pubmed:41727598
A7,deletion,33,arxiv:2607.08257
A7,deletion,34,arxiv:2509.23415
A7,deletion,35,arxiv:2605.02240
A7,deletion,36,arxiv:2412.09529
A7,deletion,37,arxiv:2609.38480
A7,deletion,38,arxiv:2603.24649
A7,deletion,39,arxiv:2608.07796
A7,deletion,40,arxiv:2512.10206
A7,deletion,41,arxiv:2609.33117
A7,deletion,42,arxiv:2510.10278
A7,deletion,43,arxiv:2605.09675
A7,deletion,44,arxiv:2608.30188
A7,deletion,45,arxiv:2609.30027
A7,decoy,1,pubmed:41727598
A7,decoy,2,arxiv:2501.14654
A7,decoy,3,arxiv:2606.23301
A7,decoy,4,arxiv:2606.03203
A7,decoy,5,arxiv:2606.31179
A7,decoy,6,arxiv:2605.02943
A7,decoy,7,arxiv:2608.30188
A7,decoy,8,arxiv:2607.25485
A7,decoy,9,pubmed:41758153
A7,decoy,10,arxiv:2601.23049
A7,decoy,11,arxiv:2603.14771
A7,decoy,12,arxiv:2511.20490
A7,decoy,13,arxiv:2609.33117
A7,decoy,14,arxiv:2601.22964
A7,decoy,15,arxiv:2604.14656
A7,decoy,16,arxiv:2609.38480
A7,decoy,17,arxiv:2605.09679
A7,decoy,18,arxiv:2606.11702
A7,decoy,19,arxiv:2608.07796
A7,decoy,20,arxiv:2602.05407
A7,decoy,21,arxiv:2412.09529
A7,decoy,22,arxiv:2601.08988
A7,decoy,23,arxiv:2606.18613
A7,decoy,24,arxiv:2510.24654
A7,decoy,25,arxiv:2603.24649
A7,decoy,26,arxiv:2606.28900
A7,decoy,27,arxiv:2607.08257
A7,decoy,28,arxiv:2509.19319
A7,decoy,29,arxiv:2503.22678
A7,decoy,30,arxiv:2510.10278
A7,decoy,31,arxiv:2609.30027
A7,decoy,32,arxiv:2509.23415
A7,decoy,33,arxiv:2605.02240
A7,decoy,34,arxiv:2609.39371
A7,decoy,35,arxiv:2606.05112
A7,decoy,36,arxiv:2405.07960
A7,decoy,37,arxiv:2512.10206
A7,decoy,38,arxiv:2605.09675
A7,decoy,39,arxiv:2605.11224
A7,decoy,40,arxiv:2512.23440
A7,decoy,41,arxiv:2604.26577
A7,decoy,42,arxiv:2606.02568
A7,decoy,43,arxiv:2410.17657
A7,decoy,44,arxiv:2605.21496
A7,decoy,45,arxiv:2601.19773
A8,inject,1,arxiv:2609.30027
A8,inject,2,arxiv:2603.24649
A8,inject,3,arxiv:2606.11702
A8,inject,4,arxiv:2602.05407
A8,inject,5,arxiv:2605.11224
A8,inject,6,arxiv:2501.14654
A8,inject,7,arxiv:2608.07796
A8,inject,8,arxiv:2606.28900
A8,inject,9,arxiv:2607.25485
A8,inject,10,arxiv:2606.18613
A8,inject,11,arxiv:2601.08988
A8,inject,12,arxiv:2503.22678
A8,inject,13,pubmed:41727598
A8,inject,14,arxiv:2608.30188
A8,inject,15,arxiv:2410.17657
A8,inject,16,arxiv:2609.33117
A8,inject,17,pubmed:41758153
A8,inject,18,arxiv:2512.23440
A8,inject,19,arxiv:2609.39371
A8,inject,20,arxiv:2512.10206
A8,inject,21,arxiv:2405.07960
A8,inject,22,arxiv:2604.14656
A8,inject,23,arxiv:2605.09679
A8,inject,24,arxiv:2510.24654
A8,inject,25,arxiv:2607.08257
A8,inject,26,arxiv:2509.19319
A8,inject,27,arxiv:2605.02943
A8,inject,28,arxiv:2603.14771
A8,inject,29,arxiv:2605.21496
A8,inject,30,arxiv:2604.26577
A8,inject,31,arxiv:2601.19773
A8,inject,32,arxiv:2605.09675
A8,inject,33,arxiv:2606.23301
A8,inject,34,arxiv:2510.10278
A8,inject,35,arxiv:2606.05112
A8,inject,36,arxiv:2601.22964
A8,inject,37,arxiv:2509.23415
A8,inject,38,arxiv:2606.31179
A8,inject,39,arxiv:2609.38480
A8,inject,40,arxiv:2412.09529
A8,inject,41,arxiv:2601.23049
A8,inject,42,arxiv:2606.02568
A8,inject,43,arxiv:2606.03203
A8,inject,44,arxiv:2511.20490
A8,inject,45,arxiv:2605.02240
A8,buried,1,arxiv:2509.19319
A8,buried,2,pubmed:41727598
A8,buried,3,arxiv:2607.08257
A8,buried,4,pubmed:41758153
A8,buried,5,arxiv:2606.28900
A8,buried,6,arxiv:2501.14654
A8,buried,7,arxiv:2604.26577
A8,buried,8,arxiv:2601.22964
A8,buried,9,arxiv:2605.21496
A8,buried,10,arxiv:2510.10278
A8,buried,11,arxiv:2601.08988
A8,buried,12,arxiv:2601.19773
A8,buried,13,arxiv:2606.02568
A8,buried,14,arxiv:2512.23440
A8,buried,15,arxiv:2412.09529
A8,buried,16,arxiv:2603.24649
A8,buried,17,arxiv:2608.30188
A8,buried,18,arxiv:2609.39371
A8,buried,19,arxiv:2609.38480
A8,buried,20,arxiv:2410.17657
A8,buried,21,arxiv:2605.09679
A8,buried,22,arxiv:2511.20490
A8,buried,23,arxiv:2509.23415
A8,buried,24,arxiv:2605.11224
A8,buried,25,arxiv:2607.25485
A8,buried,26,arxiv:2605.09675
A8,buried,27,arxiv:2606.23301
A8,buried,28,arxiv:2601.23049
A8,buried,29,arxiv:2606.05112
A8,buried,30,arxiv:2608.07796
A8,buried,31,arxiv:2603.14771
A8,buried,32,arxiv:2609.33117
A8,buried,33,arxiv:2512.10206
A8,buried,34,arxiv:2602.05407
A8,buried,35,arxiv:2605.02943
A8,buried,36,arxiv:2606.18613
A8,buried,37,arxiv:2609.30027
A8,buried,38,arxiv:2606.11702
A8,buried,39,arxiv:2510.24654
A8,buried,40,arxiv:2405.07960
A8,buried,41,arxiv:2606.31179
A8,buried,42,arxiv:2604.14656
A8,buried,43,arxiv:2503.22678
A8,buried,44,arxiv:2605.02240
A8,buried,45,arxiv:2606.03203
A8,paraphrase,1,arxiv:2601.08988
A8,paraphrase,2,arxiv:2609.33117
A8,paraphrase,3,arxiv:2607.25485
A8,paraphrase,4,arxiv:2605.11224
A8,paraphrase,5,arxiv:2509.23415
A8,paraphrase,6,arxiv:2605.02943
A8,paraphrase,7,arxiv:2603.14771
A8,paraphrase,8,arxiv:2606.03203
A8,paraphrase,9,arxiv:2509.19319
A8,paraphrase,10,arxiv:2601.19773
A8,paraphrase,11,arxiv:2606.31179
A8,paraphrase,12,arxiv:2606.28900
A8,paraphrase,13,arxiv:2608.30188
A8,paraphrase,14,arxiv:2608.07796
A8,paraphrase,15,pubmed:41727598
A8,paraphrase,16,arxiv:2605.02240
A8,paraphrase,17,arxiv:2609.39371
A8,paraphrase,18,arxiv:2601.22964
A8,paraphrase,19,arxiv:2607.08257
A8,paraphrase,20,arxiv:2606.05112
A8,paraphrase,21,arxiv:2601.23049
A8,paraphrase,22,arxiv:2604.14656
A8,paraphrase,23,arxiv:2605.21496
A8,paraphrase,24,arxiv:2412.09529
A8,paraphrase,25,arxiv:2604.26577
A8,paraphrase,26,arxiv:2609.30027
A8,paraphrase,27,arxiv:2609.38480
A8,paraphrase,28,arxiv:2510.24654
A8,paraphrase,29,arxiv:2503.22678
A8,paraphrase,30,arxiv:2606.18613
A8,paraphrase,31,arxiv:2512.23440
A8,paraphrase,32,arxiv:2603.24649
A8,paraphrase,33,arxiv:2602.05407
A8,paraphrase,34,arxiv:2410.17657
A8,paraphrase,35,arxiv:2606.23301
A8,paraphrase,36,arxiv:2606.02568
A8,paraphrase,37,arxiv:2510.10278
A8,paraphrase,38,arxiv:2605.09675
A8,paraphrase,39,arxiv:2606.11702
A8,paraphrase,40,arxiv:2501.14654
A8,paraphrase,41,arxiv:2511.20490
A8,paraphrase,42,arxiv:2605.09679
A8,paraphrase,43,pubmed:41758153
A8,paraphrase,44,arxiv:2512.10206
A8,paraphrase,45,arxiv:2405.07960
A8,deletion,1,arxiv:2601.23049
A8,deletion,2,arxiv:2609.33117
A8,deletion,3,arxiv:2503.22678
A8,deletion,4,arxiv:2512.23440
A8,deletion,5,arxiv:2405.07960
A8,deletion,6,arxiv:2509.23415
A8,deletion,7,arxiv:2601.22964
A8,deletion,8,arxiv:2605.02943
A8,deletion,9,arxiv:2606.18613
A8,deletion,10,arxiv:2510.24654
A8,deletion,11,arxiv:2603.24649
A8,deletion,12,arxiv:2601.19773
A8,deletion,13,arxiv:2607.25485
A8,deletion,14,arxiv:2605.09675
A8,deletion,15,arxiv:2605.21496
A8,deletion,16,arxiv:2606.28900
A8,deletion,17,arxiv:2606.11702
A8,deletion,18,arxiv:2606.03203
A8,deletion,19,arxiv:2511.20490
A8,deletion,20,arxiv:2609.38480
A8,deletion,21,arxiv:2606.23301
A8,deletion,22,arxiv:2608.07796
A8,deletion,23,arxiv:2605.09679
A8,deletion,24,arxiv:2603.14771
A8,deletion,25,arxiv:2512.10206
A8,deletion,26,arxiv:2608.30188
A8,deletion,27,arxiv:2412.09529
A8,deletion,28,arxiv:2609.30027
A8,deletion,29,arxiv:2501.14654
A8,deletion,30,arxiv:2605.02240
A8,deletion,31,pubmed:41727598
A8,deletion,32,arxiv:2601.08988
A8,deletion,33,arxiv:2604.14656
A8,deletion,34,arxiv:2410.17657
A8,deletion,35,arxiv:2606.05112
A8,deletion,36,arxiv:2602.05407
A8,deletion,37,arxiv:2607.08257
A8,deletion,38,arxiv:2606.31179
A8,deletion,39,arxiv:2509.19319
A8,deletion,40,arxiv:2605.11224
A8,deletion,41,pubmed:41758153
A8,deletion,42,arxiv:2604.26577
A8,deletion,43,arxiv:2510.10278
A8,deletion,44,arxiv:2609.39371
A8,deletion,45,arxiv:2606.02568
A8,decoy,1,arxiv:2603.14771
A8,decoy,2,arxiv:2601.22964
A8,decoy,3,arxiv:2602.05407
A8,decoy,4,arxiv:2606.03203
A8,decoy,5,arxiv:2608.30188
A8,decoy,6,arxiv:2605.21496
A8,decoy,7,arxiv:2603.24649
A8,decoy,8,arxiv:2605.02240
A8,decoy,9,arxiv:2609.33117
A8,decoy,10,arxiv:2510.10278
A8,decoy,11,arxiv:2605.09675
A8,decoy,12,arxiv:2609.39371
A8,decoy,13,arxiv:2512.23440
A8,decoy,14,arxiv:2405.07960
A8,decoy,15,arxiv:2606.11702
A8,decoy,16,arxiv:2604.26577
A8,decoy,17,arxiv:2410.17657
A8,decoy,18,arxiv:2606.31179
A8,decoy,19,pubmed:41727598
A8,decoy,20,arxiv:2601.08988
A8,decoy,21,arxiv:2503.22678
A8,decoy,22,arxiv:2607.25485
A8,decoy,23,arxiv:2606.23301
A8,decoy,24,arxiv:2608.07796
A8,decoy,25,arxiv:2512.10206
A8,decoy,26,arxiv:2511.20490
A8,decoy,27,arxiv:2605.11224
A8,decoy,28,arxiv:2606.02568
A8,decoy,29,arxiv:2605.09679
A8,decoy,30,arxiv:2606.28900
A8,decoy,31,arxiv:2609.38480
A8,decoy,32,arxiv:2601.19773
A8,decoy,33,arxiv:2510.24654
A8,decoy,34,arxiv:2501.14654
A8,decoy,35,arxiv:2509.23415
A8,decoy,36,pubmed:41758153
A8,decoy,37,arxiv:2412.09529
A8,decoy,38,arxiv:2604.14656
A8,decoy,39,arxiv:2509.19319
A8,decoy,40,arxiv:2605.02943
A8,decoy,41,arxiv:2607.08257
A8,decoy,42,arxiv:2606.18613
A8,decoy,43,arxiv:2606.05112
A8,decoy,44,arxiv:2601.23049
A8,decoy,45,arxiv:2609.30027
A9,inject,1,arxiv:2606.23301
A9,inject,2,arxiv:2609.39371
A9,inject,3,arxiv:2609.30027
A9,inject,4,arxiv:2511.20490
A9,inject,5,arxiv:2608.30188
A9,inject,6,arxiv:2605.09675
A9,inject,7,arxiv:2606.18613
A9,inject,8,arxiv:2509.19319
A9,inject,9,arxiv:2606.31179
A9,inject,10,arxiv:2606.02568
A9,inject,11,arxiv:2605.09679
A9,inject,12,pubmed:41727598
A9,inject,13,arxiv:2603.14771
A9,inject,14,arxiv:2604.14656
A9,inject,15,arxiv:2412.09529
A9,inject,16,arxiv:2604.26577
A9,inject,17,arxiv:2601.23049
A9,inject,18,arxiv:2607.08257
A9,inject,19,arxiv:2512.10206
A9,inject,20,arxiv:2605.11224
A9,inject,21,arxiv:2606.05112
A9,inject,22,arxiv:2510.24654
A9,inject,23,arxiv:2608.07796
A9,inject,24,arxiv:2405.07960
A9,inject,25,arxiv:2607.25485
A9,inject,26,arxiv:2609.38480
A9,inject,27,arxiv:2410.17657
A9,inject,28,arxiv:2605.21496
A9,inject,29,arxiv:2601.08988
A9,inject,30,arxiv:2510.10278
A9,inject,31,arxiv:2509.23415
A9,inject,32,arxiv:2606.28900
A9,inject,33,arxiv:2609.33117
A9,inject,34,arxiv:2601.19773
A9,inject,35,arxiv:2503.22678
A9,inject,36,arxiv:2606.03203
A9,inject,37,pubmed:41758153
A9,inject,38,arxiv:2512.23440
A9,inject,39,arxiv:2601.22964
A9,inject,40,arxiv:2605.02240
A9,inject,41,arxiv:2501.14654
A9,inject,42,arxiv:2602.05407
A9,inject,43,arxiv:2603.24649
A9,inject,44,arxiv:2605.02943
A9,inject,45,arxiv:2606.11702
A9,buried,1,arxiv:2606.05112
A9,buried,2,arxiv:2609.39371
A9,buried,3,arxiv:2603.24649
A9,buried,4,arxiv:2410.17657
A9,buried,5,arxiv:2405.07960
A9,buried,6,arxiv:2605.09675
A9,buried,7,arxiv:2512.23440
A9,buried,8,arxiv:2606.11702
A9,buried,9,arxiv:2602.05407
A9,buried,10,arxiv:2601.19773
A9,buried,11,arxiv:2609.33117
A9,buried,12,arxiv:2608.30188
A9,buried,13,arxiv:2608.07796
A9,buried,14,arxiv:2604.26577
A9,buried,15,arxiv:2605.02240
A9,buried,16,arxiv:2511.20490
A9,buried,17,arxiv:2607.08257
A9,buried,18,arxiv:2609.38480
A9,buried,19,arxiv:2605.11224
A9,buried,20,arxiv:2501.14654
A9,buried,21,arxiv:2607.25485
A9,buried,22,arxiv:2606.28900
A9,buried,23,arxiv:2606.31179
A9,buried,24,arxiv:2604.14656
A9,buried,25,arxiv:2606.23301
A9,buried,26,arxiv:2601.08988
A9,buried,27,arxiv:2605.02943
A9,buried,28,arxiv:2609.30027
A9,buried,29,arxiv:2606.18613
A9,buried,30,arxiv:2512.10206
A9,buried,31,arxiv:2510.24654
A9,buried,32,arxiv:2603.14771
A9,buried,33,pubmed:41727598
A9,buried,34,arxiv:2510.10278
A9,buried,35,arxiv:2412.09529
A9,buried,36,arxiv:2601.23049
A9,buried,37,arxiv:2606.02568
A9,buried,38,arxiv:2606.03203
A9,buried,39,arxiv:2605.21496
A9,buried,40,arxiv:2605.09679
A9,buried,41,arxiv:2509.19319
A9,buried,42,arxiv:2601.22964
A9,buried,43,arxiv:2509.23415
A9,buried,44,arxiv:2503.22678
A9,buried,45,pubmed:41758153
A9,paraphrase,1,arxiv:2606.11702
A9,paraphrase,2,pubmed:41758153
A9,paraphrase,3,arxiv:2605.09675
A9,paraphrase,4,arxiv:2605.09679
A9,paraphrase,5,arxiv:2510.24654
A9,paraphrase,6,arxiv:2606.28900
A9,paraphrase,7,arxiv:2606.31179
A9,paraphrase,8,arxiv:2606.03203
A9,paraphrase,9,arxiv:2605.21496
A9,paraphrase,10,arxiv:2604.14656
A9,paraphrase,11,arxiv:2512.23440
A9,paraphrase,12,arxiv:2603.24649
A9,paraphrase,13,arxiv:2608.30188
A9,paraphrase,14,arxiv:2512.10206
A9,paraphrase,15,arxiv:2601.22964
A9,paraphrase,16,arxiv:2511.20490
A9,paraphrase,17,arxiv:2609.39371
A9,paraphrase,18,arxiv:2605.02943
A9,paraphrase,19,arxiv:2605.02240
A9,paraphrase,20,arxiv:2601.08988
A9,paraphrase,21,arxiv:2607.25485
A9,paraphrase,22,arxiv:2606.05112
A9,paraphrase,23,arxiv:2602.05407
A9,paraphrase,24,arxiv:2410.17657
A9,paraphrase,25,arxiv:2606.02568
A9,paraphrase,26,arxiv:2604.26577
A9,paraphrase,27,arxiv:2412.09529
A9,paraphrase,28,arxiv:2503.22678
A9,paraphrase,29,arxiv:2609.30027
A9,paraphrase,30,arxiv:2607.08257
A9,paraphrase,31,arxiv:2609.38480
A9,paraphrase,32,arxiv:2509.19319
A9,paraphrase,33,arxiv:2510.10278
A9,paraphrase,34,arxiv:2501.14654
A9,paraphrase,35,arxiv:2608.07796
A9,paraphrase,36,arxiv:2601.19773
A9,paraphrase,37,arxiv:2509.23415
A9,paraphrase,38,arxiv:2603.14771
A9,paraphrase,39,arxiv:2605.11224
A9,paraphrase,40,arxiv:2606.23301
A9,paraphrase,41,arxiv:2606.18613
A9,paraphrase,42,arxiv:2609.33117
A9,paraphrase,43,arxiv:2405.07960
A9,paraphrase,44,arxiv:2601.23049
A9,paraphrase,45,pubmed:41727598
A9,deletion,1,arxiv:2601.22964
A9,deletion,2,arxiv:2605.02240
A9,deletion,3,arxiv:2609.30027
A9,deletion,4,arxiv:2501.14654
A9,deletion,5,arxiv:2605.09675
A9,deletion,6,arxiv:2606.05112
A9,deletion,7,arxiv:2512.23440
A9,deletion,8,arxiv:2512.10206
A9,deletion,9,arxiv:2601.19773
A9,deletion,10,arxiv:2606.28900
A9,deletion,11,arxiv:2606.02568
A9,deletion,12,arxiv:2608.07796
A9,deletion,13,arxiv:2601.23049
A9,deletion,14,arxiv:2609.39371
A9,deletion,15,arxiv:2605.11224
A9,deletion,16,arxiv:2603.14771
A9,deletion,17,arxiv:2602.05407
A9,deletion,18,arxiv:2607.25485
A9,deletion,19,arxiv:2605.02943
A9,deletion,20,arxiv:2607.08257
A9,deletion,21,arxiv:2410.17657
A9,deletion,22,arxiv:2606.03203
A9,deletion,23,arxiv:2510.10278
A9,deletion,24,arxiv:2405.07960
A9,deletion,25,arxiv:2605.21496
A9,deletion,26,arxiv:2601.08988
A9,deletion,27,pubmed:41727598
A9,deletion,28,arxiv:2609.38480
A9,deletion,29,arxiv:2606.31179
A9,deletion,30,arxiv:2608.30188
A9,deletion,31,arxiv:2510.24654
A9,deletion,32,arxiv:2606.11702
A9,deletion,33,arxiv:2509.19319
A9,deletion,34,arxiv:2603.24649
A9,deletion,35,arxiv:2609.33117
A9,deletion,36,arxiv:2604.26577
A9,deletion,37,arxiv:2509.23415
A9,deletion,38,arxiv:2604.14656
A9,deletion,39,arxiv:2605.09679
A9,deletion,40,arxiv:2606.18613
A9,deletion,41,arxiv:2606.23301
A9,deletion,42,arxiv:2503.22678
A9,deletion,43,arxiv:2412.09529
A9,deletion,44,arxiv:2511.20490
A9,deletion,45,pubmed:41758153
A9,decoy,1,arxiv:2503.22678
A9,decoy,2,arxiv:2601.19773
A9,decoy,3,arxiv:2606.11702
A9,decoy,4,arxiv:2606.28900
A9,decoy,5,arxiv:2601.23049
A9,decoy,6,arxiv:2510.10278
A9,decoy,7,arxiv:2606.05112
A9,decoy,8,arxiv:2605.02240
A9,decoy,9,arxiv:2609.33117
A9,decoy,10,arxiv:2605.09675
A9,decoy,11,arxiv:2510.24654
A9,decoy,12,arxiv:2605.09679
A9,decoy,13,arxiv:2405.07960
A9,decoy,14,pubmed:41727598
A9,decoy,15,arxiv:2605.21496
A9,decoy,16,arxiv:2605.02943
A9,decoy,17,arxiv:2609.30027
A9,decoy,18,arxiv:2607.08257
A9,decoy,19,arxiv:2509.23415
A9,decoy,20,arxiv:2608.07796
A9,decoy,21,arxiv:2606.31179
A9,decoy,22,arxiv:2512.10206
A9,decoy,23,arxiv:2601.08988
A9,decoy,24,arxiv:2603.24649
A9,decoy,25,arxiv:2512.23440
A9,decoy,26,arxiv:2501.14654
A9,decoy,27,arxiv:2606.23301
A9,decoy,28,arxiv:2608.30188
A9,decoy,29,arxiv:2609.39371
A9,decoy,30,arxiv:2509.19319
A9,decoy,31,arxiv:2604.14656
A9,decoy,32,arxiv:2606.03203
A9,decoy,33,arxiv:2410.17657
A9,decoy,34,arxiv:2511.20490
A9,decoy,35,arxiv:2602.05407
A9,decoy,36,arxiv:2604.26577
A9,decoy,37,arxiv:2606.18613
A9,decoy,38,arxiv:2606.02568
A9,decoy,39,arxiv:2603.14771
A9,decoy,40,arxiv:2412.09529
A9,decoy,41,pubmed:41758153
A9,decoy,42,arxiv:2607.25485
A9,decoy,43,arxiv:2601.22964
A9,decoy,44,arxiv:2609.38480
A9,decoy,45,arxiv:2605.11224
A10,inject,1,arxiv:2605.02943
A10,inject,2,arxiv:2605.09675
A10,inject,3,arxiv:2601.22964
A10,inject,4,arxiv:2607.25485
A10,inject,5,arxiv:2512.23440
A10,inject,6,arxiv:2605.21496
A10,inject,7,arxiv:2601.23049
A10,inject,8,arxiv:2510.10278
A10,inject,9,arxiv:2503.22678
A10,inject,10,arxiv:2410.17657
A10,inject,11,arxiv:2604.14656
A10,inject,12,arxiv:2605.02240
A10,inject,13,arxiv:2606.28900
A10,inject,14,arxiv:2608.07796
A10,inject,15,arxiv:2606.23301
A10,inject,16,arxiv:2603.14771
A10,inject,17,arxiv:2609.30027
A10,inject,18,pubmed:41758153
A10,inject,19,arxiv:2609.39371
A10,inject,20,arxiv:2608.30188
A10,inject,21,arxiv:2606.03203
A10,inject,22,arxiv:2405.07960
A10,inject,23,arxiv:2510.24654
A10,inject,24,arxiv:2509.23415
A10,inject,25,arxiv:2604.26577
A10,inject,26,arxiv:2605.09679
A10,inject,27,arxiv:2605.11224
A10,inject,28,arxiv:2412.09529
A10,inject,29,pubmed:41727598
A10,inject,30,arxiv:2601.08988
A10,inject,31,arxiv:2602.05407
A10,inject,32,arxiv:2606.02568
A10,inject,33,arxiv:2606.11702
A10,inject,34,arxiv:2609.38480
A10,inject,35,arxiv:2501.14654
A10,inject,36,arxiv:2607.08257
A10,inject,37,arxiv:2606.31179
A10,inject,38,arxiv:2609.33117
A10,inject,39,arxiv:2606.05112
A10,inject,40,arxiv:2603.24649
A10,inject,41,arxiv:2606.18613
A10,inject,42,arxiv:2601.19773
A10,inject,43,arxiv:2511.20490
A10,inject,44,arxiv:2512.10206
A10,inject,45,arxiv:2509.19319
A10,buried,1,arxiv:2609.39371
A10,buried,2,arxiv:2511.20490
A10,buried,3,arxiv:2510.10278
A10,buried,4,arxiv:2501.14654
A10,buried,5,arxiv:2503.22678
A10,buried,6,arxiv:2509.19319
A10,buried,7,arxiv:2405.07960
A10,buried,8,arxiv:2601.23049
A10,buried,9,arxiv:2606.03203
A10,buried,10,arxiv:2410.17657
A10,buried,11,arxiv:2609.38480
A10,buried,12,arxiv:2607.08257
A10,buried,13,arxiv:2509.23415
A10,buried,14,arxiv:2601.22964
A10,buried,15,arxiv:2606.11702
A10,buried,16,arxiv:2606.05112
A10,buried,17,arxiv:2605.11224
A10,buried,18,arxiv:2605.09675
A10,buried,19,arxiv:2601.19773
A10,buried,20,arxiv:2604.26577
A10,buried,21,arxiv:2601.08988
A10,buried,22,arxiv:2606.02568
A10,buried,23,arxiv:2512.10206
A10,buried,24,arxiv:2412.09529
A10,buried,25,arxiv:2606.31179
A10,buried,26,arxiv:2606.28900
A10,buried,27,pubmed:41727598
A10,buried,28,arxiv:2604.14656
A10,buried,29,arxiv:2609.33117
A10,buried,30,arxiv:2512.23440
A10,buried,31,arxiv:2603.24649
A10,buried,32,arxiv:2605.02240
A10,buried,33,arxiv:2510.24654
A10,buried,34,arxiv:2602.05407
A10,buried,35,arxiv:2608.30188
A10,buried,36,arxiv:2605.21496
A10,buried,37,arxiv:2606.23301
A10,buried,38,arxiv:2608.07796
A10,buried,39,arxiv:2607.25485
A10,buried,40,arxiv:2606.18613
A10,buried,41,arxiv:2609.30027
A10,buried,42,arxiv:2605.09679
A10,buried,43,arxiv:2605.02943
A10,buried,44,pubmed:41758153
A10,buried,45,arxiv:2603.14771
A10,paraphrase,1,pubmed:41758153
A10,paraphrase,2,arxiv:2606.11702
A10,paraphrase,3,arxiv:2602.05407
A10,paraphrase,4,arxiv:2606.02568
A10,paraphrase,5,arxiv:2606.28900
A10,paraphrase,6,arxiv:2601.23049
A10,paraphrase,7,arxiv:2512.10206
A10,paraphrase,8,arxiv:2412.09529
A10,paraphrase,9,arxiv:2604.26577
A10,paraphrase,10,arxiv:2605.02240
A10,paraphrase,11,arxiv:2510.24654
A10,paraphrase,12,arxiv:2605.02943
A10,paraphrase,13,arxiv:2605.11224
A10,paraphrase,14,arxiv:2509.23415
A10,paraphrase,15,arxiv:2609.38480
A10,paraphrase,16,arxiv:2605.09675
A10,paraphrase,17,arxiv:2601.08988
A10,paraphrase,18,arxiv:2405.07960
A10,paraphrase,19,arxiv:2608.30188
A10,paraphrase,20,pubmed:41727598
A10,paraphrase,21,arxiv:2512.23440
A10,paraphrase,22,arxiv:2601.19773
A10,paraphrase,23,arxiv:2503.22678
A10,paraphrase,24,arxiv:2609.30027
A10,paraphrase,25,arxiv:2607.25485
A10,paraphrase,26,arxiv:2410.17657
A10,paraphrase,27,arxiv:2606.23301
A10,paraphrase,28,arxiv:2603.24649
A10,paraphrase,29,arxiv:2609.33117
A10,paraphrase,30,arxiv:2605.09679
A10,paraphrase,31,arxiv:2501.14654
A10,paraphrase,32,arxiv:2609.39371
A10,paraphrase,33,arxiv:2603.14771
A10,paraphrase,34,arxiv:2606.03203
A10,paraphrase,35,arxiv:2510.10278
A10,paraphrase,36,arxiv:2605.21496
A10,paraphrase,37,arxiv:2606.31179
A10,paraphrase,38,arxiv:2608.07796
A10,paraphrase,39,arxiv:2601.22964
A10,paraphrase,40,arxiv:2604.14656
A10,paraphrase,41,arxiv:2511.20490
A10,paraphrase,42,arxiv:2509.19319
A10,paraphrase,43,arxiv:2606.18613
A10,paraphrase,44,arxiv:2606.05112
A10,paraphrase,45,arxiv:2607.08257
A10,deletion,1,arxiv:2609.30027
A10,deletion,2,arxiv:2606.03203
A10,deletion,3,arxiv:2412.09529
A10,deletion,4,arxiv:2509.19319
A10,deletion,5,arxiv:2605.21496
A10,deletion,6,arxiv:2501.14654
A10,deletion,7,arxiv:2607.25485
A10,deletion,8,arxiv:2609.38480
A10,deletion,9,arxiv:2602.05407
A10,deletion,10,arxiv:2605.09675
A10,deletion,11,arxiv:2607.08257
A10,deletion,12,arxiv:2601.08988
A10,deletion,13,arxiv:2509.23415
A10,deletion,14,arxiv:2605.09679
A10,deletion,15,arxiv:2603.24649
A10,deletion,16,arxiv:2605.02943
A10,deletion,17,arxiv:2606.23301
A10,deletion,18,arxiv:2601.19773
A10,deletion,19,arxiv:2604.14656
A10,deletion,20,arxiv:2606.11702
A10,deletion,21,arxiv:2608.30188
A10,deletion,22,arxiv:2601.23049
A10,deletion,23,arxiv:2606.28900
A10,deletion,24,pubmed:41758153
A10,deletion,25,arxiv:2609.33117
A10,deletion,26,arxiv:2606.02568
A10,deletion,27,arxiv:2604.26577
A10,deletion,28,arxiv:2512.10206
A10,deletion,29,arxiv:2603.14771
A10,deletion,30,arxiv:2606.05112
A10,deletion,31,arxiv:2601.22964
A10,deletion,32,arxiv:2609.39371
A10,deletion,33,arxiv:2503.22678
A10,deletion,34,arxiv:2511.20490
A10,deletion,35,arxiv:2606.18613
A10,deletion,36,arxiv:2605.11224
A10,deletion,37,arxiv:2608.07796
A10,deletion,38,arxiv:2410.17657
A10,deletion,39,arxiv:2605.02240
A10,deletion,40,arxiv:2405.07960
A10,deletion,41,arxiv:2606.31179
A10,deletion,42,arxiv:2512.23440
A10,deletion,43,pubmed:41727598
A10,deletion,44,arxiv:2510.10278
A10,deletion,45,arxiv:2510.24654
A10,decoy,1,arxiv:2509.19319
A10,decoy,2,arxiv:2601.23049
A10,decoy,3,arxiv:2609.38480
A10,decoy,4,arxiv:2605.11224
A10,decoy,5,arxiv:2512.10206
A10,decoy,6,arxiv:2606.03203
A10,decoy,7,arxiv:2601.19773
A10,decoy,8,arxiv:2606.18613
A10,decoy,9,arxiv:2405.07960
A10,decoy,10,arxiv:2512.23440
A10,decoy,11,arxiv:2605.02943
A10,decoy,12,arxiv:2511.20490
A10,decoy,13,arxiv:2603.14771
A10,decoy,14,arxiv:2609.33117
A10,decoy,15,arxiv:2412.09529
A10,decoy,16,arxiv:2602.05407
A10,decoy,17,arxiv:2606.05112
A10,decoy,18,arxiv:2606.02568
A10,decoy,19,arxiv:2501.14654
A10,decoy,20,arxiv:2607.08257
A10,decoy,21,pubmed:41727598
A10,decoy,22,arxiv:2606.11702
A10,decoy,23,arxiv:2609.39371
A10,decoy,24,arxiv:2601.22964
A10,decoy,25,arxiv:2608.30188
A10,decoy,26,arxiv:2606.28900
A10,decoy,27,pubmed:41758153
A10,decoy,28,arxiv:2608.07796
A10,decoy,29,arxiv:2605.09679
A10,decoy,30,arxiv:2604.26577
A10,decoy,31,arxiv:2609.30027
A10,decoy,32,arxiv:2410.17657
A10,decoy,33,arxiv:2605.21496
A10,decoy,34,arxiv:2605.09675
A10,decoy,35,arxiv:2603.24649
A10,decoy,36,arxiv:2601.08988
A10,decoy,37,arxiv:2510.24654
A10,decoy,38,arxiv:2607.25485
A10,decoy,39,arxiv:2605.02240
A10,decoy,40,arxiv:2510.10278
A10,decoy,41,arxiv:2509.23415
A10,decoy,42,arxiv:2606.23301
A10,decoy,43,arxiv:2604.14656
A10,decoy,44,arxiv:2606.31179
A10,decoy,45,arxiv:2503.22678
A11,inject,1,arxiv:2608.07796
A11,inject,2,arxiv:2606.18613
A11,inject,3,arxiv:2604.26577
A11,inject,4,arxiv:2510.10278
A11,inject,5,arxiv:2602.05407
A11,inject,6,arxiv:2606.31179
A11,inject,7,arxiv:2605.02943
A11,inject,8,arxiv:2503.22678
A11,inject,9,arxiv:2607.25485
A11,inject,10,arxiv:2405.07960
A11,inject,11,arxiv:2607.08257
A11,inject,12,arxiv:2609.33117
A11,inject,13,arxiv:2608.30188
A11,inject,14,arxiv:2512.10206
A11,inject,15,arxiv:2606.05112
A11,inject,16,arxiv:2605.09675
A11,inject,17,arxiv:2606.11702
A11,inject,18,arxiv:2605.21496
A11,inject,19,arxiv:2603.24649
A11,inject,20,arxiv:2601.22964
A11,inject,21,arxiv:2606.23301
A11,inject,22,arxiv:2606.02568
A11,inject,23,arxiv:2601.19773
A11,inject,24,arxiv:2605.02240
A11,inject,25,arxiv:2509.23415
A11,inject,26,arxiv:2601.23049
A11,inject,27,arxiv:2412.09529
A11,inject,28,arxiv:2605.09679
A11,inject,29,arxiv:2604.14656
A11,inject,30,arxiv:2603.14771
A11,inject,31,arxiv:2501.14654
A11,inject,32,arxiv:2512.23440
A11,inject,33,arxiv:2605.11224
A11,inject,34,arxiv:2609.39371
A11,inject,35,pubmed:41758153
A11,inject,36,arxiv:2606.03203
A11,inject,37,arxiv:2410.17657
A11,inject,38,arxiv:2606.28900
A11,inject,39,arxiv:2609.30027
A11,inject,40,arxiv:2601.08988
A11,inject,41,arxiv:2511.20490
A11,inject,42,arxiv:2609.38480
A11,inject,43,arxiv:2510.24654
A11,inject,44,pubmed:41727598
A11,inject,45,arxiv:2509.19319
A11,buried,1,arxiv:2607.08257
A11,buried,2,arxiv:2512.23440
A11,buried,3,arxiv:2606.03203
A11,buried,4,arxiv:2606.11702
A11,buried,5,arxiv:2607.25485
A11,buried,6,arxiv:2511.20490
A11,buried,7,arxiv:2501.14654
A11,buried,8,arxiv:2410.17657
A11,buried,9,arxiv:2605.09679
A11,buried,10,arxiv:2512.10206
A11,buried,11,arxiv:2601.22964
A11,buried,12,pubmed:41727598
A11,buried,13,arxiv:2609.38480
A11,buried,14,arxiv:2609.33117
A11,buried,15,arxiv:2603.24649
A11,buried,16,arxiv:2509.23415
A11,buried,17,pubmed:41758153
A11,buried,18,arxiv:2605.09675
A11,buried,19,arxiv:2601.23049
A11,buried,20,arxiv:2606.23301
A11,buried,21,arxiv:2608.07796
A11,buried,22,arxiv:2601.08988
A11,buried,23,arxiv:2605.21496
A11,buried,24,arxiv:2602.05407
A11,buried,25,arxiv:2510.24654
A11,buried,26,arxiv:2603.14771
A11,buried,27,arxiv:2604.14656
A11,buried,28,arxiv:2609.39371
A11,buried,29,arxiv:2601.19773
A11,buried,30,arxiv:2605.11224
A11,buried,31,arxiv:2606.05112
A11,buried,32,arxiv:2509.19319
A11,buried,33,arxiv:2412.09529
A11,buried,34,arxiv:2606.02568
A11,buried,35,arxiv:2606.18613
A11,buried,36,arxiv:2608.30188
A11,buried,37,arxiv:2605.02240
A11,buried,38,arxiv:2605.02943
A11,buried,39,arxiv:2606.28900
A11,buried,40,arxiv:2606.31179
A11,buried,41,arxiv:2405.07960
A11,buried,42,arxiv:2604.26577
A11,buried,43,arxiv:2510.10278
A11,buried,44,arxiv:2503.22678
A11,buried,45,arxiv:2609.30027
A11,paraphrase,1,arxiv:2606.18613
A11,paraphrase,2,arxiv:2605.02240
A11,paraphrase,3,arxiv:2601.19773
A11,paraphrase,4,arxiv:2605.09679
A11,paraphrase,5,arxiv:2501.14654
A11,paraphrase,6,arxiv:2512.23440
A11,paraphrase,7,arxiv:2605.02943
A11,paraphrase,8,arxiv:2607.08257
A11,paraphrase,9,arxiv:2509.23415
A11,paraphrase,10,arxiv:2607.25485
A11,paraphrase,11,arxiv:2410.17657
A11,paraphrase,12,arxiv:2412.09529
A11,paraphrase,13,arxiv:2606.28900
A11,paraphrase,14,arxiv:2512.10206
A11,paraphrase,15,arxiv:2606.11702
A11,paraphrase,16,pubmed:41727598
A11,paraphrase,17,arxiv:2603.14771
A11,paraphrase,18,arxiv:2606.03203
A11,paraphrase,19,arxiv:2503.22678
A11,paraphrase,20,arxiv:2609.30027
A11,paraphrase,21,arxiv:2606.23301
A11,paraphrase,22,arxiv:2608.30188
A11,paraphrase,23,arxiv:2609.39371
A11,paraphrase,24,arxiv:2511.20490
A11,paraphrase,25,arxiv:2601.22964
A11,paraphrase,26,pubmed:41758153
A11,paraphrase,27,arxiv:2609.33117
A11,paraphrase,28,arxiv:2510.24654
A11,paraphrase,29,arxiv:2606.02568
A11,paraphrase,30,arxiv:2606.31179
A11,paraphrase,31,arxiv:2605.21496
A11,paraphrase,32,arxiv:2510.10278
A11,paraphrase,33,arxiv:2604.26577
A11,paraphrase,34,arxiv:2605.11224
A11,paraphrase,35,arxiv:2605.09675
A11,paraphrase,36,arxiv:2601.08988
A11,paraphrase,37,arxiv:2609.38480
A11,paraphrase,38,arxiv:2604.14656
A11,paraphrase,39,arxiv:2603.24649
A11,paraphrase,40,arxiv:2608.07796
A11,paraphrase,41,arxiv:2509.19319
A11,paraphrase,42,arxiv:2602.05407
A11,paraphrase,43,arxiv:2601.23049
A11,paraphrase,44,arxiv:2405.07960
A11,paraphrase,45,arxiv:2606.05112
A11,deletion,1,arxiv:2608.30188
A11,deletion,2,arxiv:2603.14771
A11,deletion,3,arxiv:2601.22964
A11,deletion,4,pubmed:41727598
A11,deletion,5,arxiv:2606.11702
A11,deletion,6,arxiv:2511.20490
A11,deletion,7,arxiv:2604.26577
A11,deletion,8,arxiv:2606.31179
A11,deletion,9,arxiv:2509.19319
A11,deletion,10,arxiv:2601.08988
A11,deletion,11,arxiv:2509.23415
A11,deletion,12,arxiv:2608.07796
A11,deletion,13,arxiv:2609.39371
A11,deletion,14,arxiv:2503.22678
A11,deletion,15,arxiv:2605.02943
A11,deletion,16,arxiv:2609.30027
A11,deletion,17,arxiv:2606.03203
A11,deletion,18,pubmed:41758153
A11,deletion,19,arxiv:2605.02240
A11,deletion,20,arxiv:2512.10206
A11,deletion,21,arxiv:2412.09529
A11,deletion,22,arxiv:2609.38480
A11,deletion,23,arxiv:2512.23440
A11,deletion,24,arxiv:2607.25485
A11,deletion,25,arxiv:2605.21496
A11,deletion,26,arxiv:2604.14656
A11,deletion,27,arxiv:2606.05112
A11,deletion,28,arxiv:2510.24654
A11,deletion,29,arxiv:2602.05407
A11,deletion,30,arxiv:2605.09675
A11,deletion,31,arxiv:2606.02568
A11,deletion,32,arxiv:2410.17657
A11,deletion,33,arxiv:2510.10278
A11,deletion,34,arxiv:2606.28900
A11,deletion,35,arxiv:2605.09679
A11,deletion,36,arxiv:2601.19773
A11,deletion,37,arxiv:2603.24649
A11,deletion,38,arxiv:2605.11224
A11,deletion,39,arxiv:2405.07960
A11,deletion,40,arxiv:2501.14654
A11,deletion,41,arxiv:2606.18613
A11,deletion,42,arxiv:2607.08257
A11,deletion,43,arxiv:2609.33117
A11,deletion,44,arxiv:2606.23301
A11,deletion,45,arxiv:2601.23049
A11,decoy,1,arxiv:2603.14771
A11,decoy,2,arxiv:2608.07796
A11,decoy,3,arxiv:2605.11224
A11,decoy,4,arxiv:2606.11702
A11,decoy,5,arxiv:2511.20490
A11,decoy,6,arxiv:2601.23049
A11,decoy,7,arxiv:2601.19773
A11,decoy,8,arxiv:2601.08988
A11,decoy,9,arxiv:2602.05407
A11,decoy,10,pubmed:41727598
A11,decoy,11,arxiv:2605.21496
A11,decoy,12,arxiv:2410.17657
A11,decoy,13,arxiv:2606.03203
A11,decoy,14,arxiv:2606.31179
A11,decoy,15,arxiv:2510.24654
A11,decoy,16,arxiv:2501.14654
A11,decoy,17,arxiv:2609.33117
A11,decoy,18,arxiv:2605.09679
A11,decoy,19,arxiv:2606.18613
A11,decoy,20,arxiv:2609.39371
A11,decoy,21,arxiv:2606.28900
A11,decoy,22,arxiv:2605.09675
A11,decoy,23,pubmed:41758153
A11,decoy,24,arxiv:2605.02240
A11,decoy,25,arxiv:2607.08257
A11,decoy,26,arxiv:2606.02568
A11,decoy,27,arxiv:2604.14656
A11,decoy,28,arxiv:2512.10206
A11,decoy,29,arxiv:2609.38480
A11,decoy,30,arxiv:2509.23415
A11,decoy,31,arxiv:2608.30188
A11,decoy,32,arxiv:2509.19319
A11,decoy,33,arxiv:2405.07960
A11,decoy,34,arxiv:2603.24649
A11,decoy,35,arxiv:2503.22678
A11,decoy,36,arxiv:2604.26577
A11,decoy,37,arxiv:2510.10278
A11,decoy,38,arxiv:2606.23301
A11,decoy,39,arxiv:2601.22964
A11,decoy,40,arxiv:2609.30027
A11,decoy,41,arxiv:2606.05112
A11,decoy,42,arxiv:2607.25485
A11,decoy,43,arxiv:2512.23440
A11,decoy,44,arxiv:2412.09529
A11,decoy,45,arxiv:2605.02943
